{"textures":{"0":"modelengine:entity/nm_blue_tit_texture","particle":"#0"},"elements":[{"from":[7.525,8.0,7.0],"to":[8.475,8.0,8.0],"faces":{"up":{"uv":[8.0,10.0,7.5,9.5],"tintindex":0,"rotation":0,"texture":"#0"},"down":{"uv":[9.0,9.5,8.5,10.0],"tintindex":0,"rotation":0,"texture":"#0"}}}],"display":{"head":{"rotation":[0.0,0.0,0.0]},"firstperson_righthand":{"rotation":[0.0,0.0,0.0]},"thirdperson_lefthand":{"rotation":[0.0,-0.0,-0.0]},"firstperson_lefthand":{"rotation":[0.0,-0.0,-0.0]},"fixed":{"rotation":[0.0,0.0,0.0]},"ground":{"rotation":[0.0,0.0,0.0]},"thirdperson_righthand":{"rotation":[0.0,0.0,0.0]},"gui":{"rotation":[-150.0,-45.0,180.0]}}}