{"textures":{"0":"modelengine:entity/nm_blue_tit_texture","particle":"#0"},"elements":[{"from":[6.0,8.0,7.0],"to":[10.0,12.0,11.0],"faces":{"east":{"uv":[3.0,2.5,5.0,4.5],"tintindex":0,"rotation":0,"texture":"#0"},"south":{"uv":[0.0,5.0,2.0,7.0],"tintindex":0,"rotation":0,"texture":"#0"},"north":{"uv":[3.0,0.0,5.0,2.0],"tintindex":0,"rotation":0,"texture":"#0"},"west":{"uv":[2.5,5.0,4.5,7.0],"tintindex":0,"rotation":0,"texture":"#0"},"up":{"uv":[7.0,7.0,5.0,5.0],"tintindex":0,"rotation":0,"texture":"#0"},"down":{"uv":[7.5,0.0,5.5,2.0],"tintindex":0,"rotation":0,"texture":"#0"}}},{"from":[7.5,8.0,6.975],"to":[8.5,11.0,6.975],"faces":{"east":{"uv":[11.5,4.5,13.5,6.5],"tintindex":0,"rotation":0,"texture":"#0"},"south":{"uv":[10.5,1.0,12.5,3.0],"tintindex":0,"rotation":0,"texture":"#0"},"north":{"uv":[10.0,1.0,10.5,2.5],"tintindex":0,"rotation":0,"texture":"#0"},"west":{"uv":[12.5,5.0,14.5,7.0],"tintindex":0,"rotation":0,"texture":"#0"},"up":{"uv":[13.5,7.0,11.5,5.0],"tintindex":0,"rotation":0,"texture":"#0"},"down":{"uv":[15.0,6.0,13.0,8.0],"tintindex":0,"rotation":0,"texture":"#0"}}}],"display":{"head":{"rotation":[0.0,0.0,0.0]},"firstperson_righthand":{"rotation":[0.0,0.0,0.0]},"thirdperson_lefthand":{"rotation":[0.0,-0.0,-0.0]},"firstperson_lefthand":{"rotation":[0.0,-0.0,-0.0]},"fixed":{"rotation":[0.0,0.0,0.0]},"ground":{"rotation":[0.0,0.0,0.0]},"thirdperson_righthand":{"rotation":[0.0,0.0,0.0]},"gui":{"rotation":[-150.0,-45.0,180.0]}}}