{"textures":{"0":"modelengine:entity/nm_alligator_texture","particle":"#0"},"elements":[{"from":[10.999481,7.1461134,-1.5],"to":[10.999481,9.146113,17.5],"faces":{"east":{"uv":[7.25,7.25,12.0,7.75],"tintindex":0,"rotation":0,"texture":"#0"},"west":{"uv":[7.5,0.0,12.25,0.5],"tintindex":0,"rotation":0,"texture":"#0"}}},{"from":[5.001481,7.1461134,-1.5],"to":[5.001481,9.146113,17.5],"faces":{"east":{"uv":[7.5,0.5,12.25,1.0],"tintindex":0,"rotation":0,"texture":"#0"},"west":{"uv":[7.5,1.0,12.25,1.5],"tintindex":0,"rotation":0,"texture":"#0"}}},{"from":[7.999481,7.1461134,-1.5],"to":[7.999481,9.146113,17.5],"faces":{"east":{"uv":[7.25,6.25,12.0,6.75],"tintindex":0,"rotation":0,"texture":"#0"},"west":{"uv":[7.25,6.75,12.0,7.25],"tintindex":0,"rotation":0,"texture":"#0"}}},{"from":[3.0004811,1.1461134,-1.5],"to":[13.000481,7.1461134,17.5],"faces":{"east":{"uv":[0.0,4.75,4.75,6.25],"tintindex":0,"rotation":0,"texture":"#0"},"south":{"uv":[5.0,1.5,7.5,3.0],"tintindex":0,"rotation":0,"texture":"#0"},"north":{"uv":[5.0,0.0,7.5,1.5],"tintindex":0,"rotation":0,"texture":"#0"},"west":{"uv":[4.75,4.75,9.5,6.25],"tintindex":0,"rotation":0,"texture":"#0"},"up":{"uv":[2.5,4.75,0.0,0.0],"tintindex":0,"rotation":0,"texture":"#0"},"down":{"uv":[5.0,0.0,2.5,4.75],"tintindex":0,"rotation":0,"texture":"#0"}}}],"display":{"head":{"rotation":[0.0,0.0,0.0]},"firstperson_righthand":{"rotation":[0.0,0.0,0.0]},"thirdperson_lefthand":{"rotation":[0.0,-0.0,-0.0]},"firstperson_lefthand":{"rotation":[0.0,-0.0,-0.0]},"fixed":{"rotation":[0.0,0.0,0.0]},"ground":{"rotation":[0.0,0.0,0.0]},"thirdperson_righthand":{"rotation":[0.0,0.0,0.0]},"gui":{"rotation":[-150.0,-45.0,180.0]}}}