{"textures":{"0":"modelengine:entity/nm_alligator_texture","particle":"#0"},"elements":[{"from":[5.9997,7.95,0.8000002],"to":[5.9997,8.95,1.8000002],"faces":{"east":{"uv":[11.5,10.25,11.75,10.5],"tintindex":0,"rotation":0,"texture":"#0"},"west":{"uv":[11.75,11.25,12.0,11.5],"tintindex":0,"rotation":0,"texture":"#0"}}},{"from":[9.9997,7.95,0.8000002],"to":[9.9997,8.95,1.8000002],"faces":{"east":{"uv":[11.5,12.75,11.75,13.0],"tintindex":0,"rotation":0,"texture":"#0"},"west":{"uv":[11.75,12.75,12.0,13.0],"tintindex":0,"rotation":0,"texture":"#0"}}},{"from":[4.5007,6.95,3.8000002],"to":[11.5007,7.95,8.8],"faces":{"east":{"uv":[5.25,12.25,6.5,12.5],"tintindex":0,"rotation":0,"texture":"#0"},"south":{"uv":[12.25,0.0,14.0,0.25],"tintindex":0,"rotation":0,"texture":"#0"},"north":{"uv":[12.0,12.0,13.75,12.25],"tintindex":0,"rotation":0,"texture":"#0"},"west":{"uv":[12.25,7.75,13.5,8.0],"tintindex":0,"rotation":0,"texture":"#0"},"up":{"uv":[4.75,9.75,3.0,8.5],"tintindex":0,"rotation":0,"texture":"#0"},"down":{"uv":[10.5,2.5,8.75,3.75],"tintindex":0,"rotation":0,"texture":"#0"}}},{"from":[9.9997,7.95,-1.1999998],"to":[9.9997,8.95,-0.19999981],"faces":{"east":{"uv":[12.0,12.75,12.25,13.0],"tintindex":0,"rotation":0,"texture":"#0"},"west":{"uv":[12.25,12.75,12.5,13.0],"tintindex":0,"rotation":0,"texture":"#0"}}},{"from":[9.9997,7.95,2.8000002],"to":[9.9997,8.95,3.8000002],"faces":{"east":{"uv":[11.0,12.75,11.25,13.0],"tintindex":0,"rotation":0,"texture":"#0"},"west":{"uv":[11.25,12.75,11.5,13.0],"tintindex":0,"rotation":0,"texture":"#0"}}},{"from":[5.9997,7.95,-1.1999998],"to":[5.9997,8.95,-0.19999981],"faces":{"east":{"uv":[7.0,8.75,7.25,9.0],"tintindex":0,"rotation":0,"texture":"#0"},"west":{"uv":[9.0,11.25,9.25,11.5],"tintindex":0,"rotation":0,"texture":"#0"}}},{"from":[5.9997,7.95,2.8000002],"to":[5.9997,8.95,3.8000002],"faces":{"east":{"uv":[6.5,12.25,6.75,12.5],"tintindex":0,"rotation":0,"texture":"#0"},"west":{"uv":[10.75,12.75,11.0,13.0],"tintindex":0,"rotation":0,"texture":"#0"}}},{"from":[5.4997,6.95,-3.1999998],"to":[10.499701,7.95,3.8000002],"faces":{"east":{"uv":[11.75,9.5,13.5,9.75],"tintindex":0,"rotation":0,"texture":"#0"},"south":{"uv":[4.0,12.25,5.25,12.5],"tintindex":0,"rotation":0,"texture":"#0"},"north":{"uv":[12.25,1.25,13.5,1.5],"tintindex":0,"rotation":0,"texture":"#0"},"west":{"uv":[12.0,11.75,13.75,12.0],"tintindex":0,"rotation":0,"texture":"#0"},"up":{"uv":[7.0,9.75,5.75,8.0],"tintindex":0,"rotation":0,"texture":"#0"},"down":{"uv":[3.0,8.25,1.75,10.0],"tintindex":0,"rotation":0,"texture":"#0"}}}],"display":{"head":{"rotation":[0.0,0.0,0.0]},"firstperson_righthand":{"rotation":[0.0,0.0,0.0]},"thirdperson_lefthand":{"rotation":[0.0,-0.0,-0.0]},"firstperson_lefthand":{"rotation":[0.0,-0.0,-0.0]},"fixed":{"rotation":[0.0,0.0,0.0]},"ground":{"rotation":[0.0,0.0,0.0]},"thirdperson_righthand":{"rotation":[0.0,0.0,0.0]},"gui":{"rotation":[-150.0,-45.0,180.0]}}}