{"textures":{"0":"modelengine:entity/nm_alligator_texture","particle":"#0"},"elements":[{"from":[3.300775,6.047988,5.51903],"to":[8.300775,8.047988,10.51903],"faces":{"east":{"uv":[4.25,11.75,5.5,12.25],"tintindex":0,"rotation":0,"texture":"#0"},"south":{"uv":[5.5,11.75,6.75,12.25],"tintindex":0,"rotation":0,"texture":"#0"},"north":{"uv":[3.0,11.75,4.25,12.25],"tintindex":0,"rotation":0,"texture":"#0"},"west":{"uv":[11.75,9.0,13.0,9.5],"tintindex":0,"rotation":0,"texture":"#0"},"up":{"uv":[10.75,5.0,9.5,3.75],"tintindex":0,"rotation":0,"texture":"#0"},"down":{"uv":[10.75,5.0,9.5,6.25],"tintindex":0,"rotation":0,"texture":"#0"}},"rotation":{"origin":[5.875775,8.422988,8.51903],"angle":22.5,"axis":"z"}},{"from":[2.2708793,4.8760476,4.73097],"to":[5.2708793,5.8760476,9.73097],"faces":{"east":{"uv":[5.25,12.5,6.5,12.75],"tintindex":0,"rotation":0,"texture":"#0"},"south":{"uv":[6.0,12.75,6.75,13.0],"tintindex":0,"rotation":0,"texture":"#0"},"north":{"uv":[5.25,12.75,6.0,13.0],"tintindex":0,"rotation":0,"texture":"#0"},"west":{"uv":[6.5,12.5,7.75,12.75],"tintindex":0,"rotation":0,"texture":"#0"},"up":{"uv":[9.75,12.75,9.0,11.5],"tintindex":0,"rotation":0,"texture":"#0"},"down":{"uv":[10.5,11.5,9.75,12.75],"tintindex":0,"rotation":0,"texture":"#0"}},"rotation":{"origin":[4.0208793,6.6260476,7.48097],"angle":45.0,"axis":"y"}}],"display":{"head":{"rotation":[0.0,0.0,0.0]},"firstperson_righthand":{"rotation":[0.0,0.0,0.0]},"thirdperson_lefthand":{"rotation":[0.0,-0.0,-0.0]},"firstperson_lefthand":{"rotation":[0.0,-0.0,-0.0]},"fixed":{"rotation":[0.0,0.0,0.0]},"ground":{"rotation":[0.0,0.0,0.0]},"thirdperson_righthand":{"rotation":[0.0,0.0,0.0]},"gui":{"rotation":[-150.0,-45.0,180.0]}}}