{"textures":{"0":"modelengine:entity/nm_alligator_texture","particle":"#0"},"elements":[{"from":[2.6687732,5.1760473,5.3170114],"to":[5.6687737,6.176048,10.317011],"faces":{"east":{"uv":[5.25,12.5,4.0,12.75],"tintindex":0,"rotation":0,"texture":"#0"},"south":{"uv":[5.25,12.75,4.5,13.0],"tintindex":0,"rotation":0,"texture":"#0"},"north":{"uv":[4.5,12.75,3.75,13.0],"tintindex":0,"rotation":0,"texture":"#0"},"west":{"uv":[13.25,12.25,12.0,12.5],"tintindex":0,"rotation":0,"texture":"#0"},"up":{"uv":[8.25,12.5,9.0,11.25],"tintindex":0,"rotation":0,"texture":"#0"},"down":{"uv":[11.5,7.75,12.25,9.0],"tintindex":0,"rotation":0,"texture":"#0"}},"rotation":{"origin":[2.7687736,6.826048,8.467011],"angle":22.5,"axis":"y"}},{"from":[3.2738805,6.2479877,6.6646247],"to":[8.27388,8.247988,10.664625],"faces":{"east":{"uv":[12.0,6.25,13.0,6.75],"tintindex":0,"rotation":0,"texture":"#0"},"south":{"uv":[1.75,11.75,3.0,12.25],"tintindex":0,"rotation":0,"texture":"#0"},"north":{"uv":[7.5,2.5,8.75,3.0],"tintindex":0,"rotation":0,"texture":"#0"},"west":{"uv":[12.0,6.75,13.0,7.25],"tintindex":0,"rotation":0,"texture":"#0"},"up":{"uv":[12.0,4.25,10.75,3.25],"tintindex":0,"rotation":0,"texture":"#0"},"down":{"uv":[12.0,4.25,10.75,5.25],"tintindex":0,"rotation":0,"texture":"#0"}},"rotation":{"origin":[5.8488803,8.622988,8.664625],"angle":22.5,"axis":"z"}}],"display":{"head":{"rotation":[0.0,0.0,0.0]},"firstperson_righthand":{"rotation":[0.0,0.0,0.0]},"thirdperson_lefthand":{"rotation":[0.0,-0.0,-0.0]},"firstperson_lefthand":{"rotation":[0.0,-0.0,-0.0]},"fixed":{"rotation":[0.0,0.0,0.0]},"ground":{"rotation":[0.0,0.0,0.0]},"thirdperson_righthand":{"rotation":[0.0,0.0,0.0]},"gui":{"rotation":[-150.0,-45.0,180.0]}}}