{"textures":{"0":"modelengine:entity/nm_alligator_texture","particle":"#0"},"elements":[{"from":[10.331226,5.1760473,5.3170114],"to":[13.331226,6.176048,10.317011],"faces":{"east":{"uv":[12.0,12.25,13.25,12.5],"tintindex":0,"rotation":0,"texture":"#0"},"south":{"uv":[4.5,12.75,5.25,13.0],"tintindex":0,"rotation":0,"texture":"#0"},"north":{"uv":[3.75,12.75,4.5,13.0],"tintindex":0,"rotation":0,"texture":"#0"},"west":{"uv":[4.0,12.5,5.25,12.75],"tintindex":0,"rotation":0,"texture":"#0"},"up":{"uv":[9.0,12.5,8.25,11.25],"tintindex":0,"rotation":0,"texture":"#0"},"down":{"uv":[12.25,7.75,11.5,9.0],"tintindex":0,"rotation":0,"texture":"#0"}},"rotation":{"origin":[13.231226,6.826048,8.467011],"angle":-22.5,"axis":"y"}},{"from":[7.72612,6.2479877,6.6646247],"to":[12.72612,8.247988,10.664625],"faces":{"east":{"uv":[13.0,6.75,12.0,7.25],"tintindex":0,"rotation":0,"texture":"#0"},"south":{"uv":[3.0,11.75,1.75,12.25],"tintindex":0,"rotation":0,"texture":"#0"},"north":{"uv":[8.75,2.5,7.5,3.0],"tintindex":0,"rotation":0,"texture":"#0"},"west":{"uv":[13.0,6.25,12.0,6.75],"tintindex":0,"rotation":0,"texture":"#0"},"up":{"uv":[10.75,4.25,12.0,3.25],"tintindex":0,"rotation":0,"texture":"#0"},"down":{"uv":[10.75,4.25,12.0,5.25],"tintindex":0,"rotation":0,"texture":"#0"}},"rotation":{"origin":[10.151119,8.622988,8.664625],"angle":-22.5,"axis":"z"}}],"display":{"head":{"rotation":[0.0,0.0,0.0]},"firstperson_righthand":{"rotation":[0.0,0.0,0.0]},"thirdperson_lefthand":{"rotation":[0.0,-0.0,-0.0]},"firstperson_lefthand":{"rotation":[0.0,-0.0,-0.0]},"fixed":{"rotation":[0.0,0.0,0.0]},"ground":{"rotation":[0.0,0.0,0.0]},"thirdperson_righthand":{"rotation":[0.0,0.0,0.0]},"gui":{"rotation":[-150.0,-45.0,180.0]}}}