{"textures":{"0":"modelengine:entity/nm_alligator_texture","particle":"#0"},"elements":[{"from":[5.000636,4.309041,7.101268],"to":[11.000636,9.309041,14.101269],"faces":{"east":{"uv":[7.25,7.75,9.0,9.0],"tintindex":0,"rotation":0,"texture":"#0"},"south":{"uv":[9.0,7.75,10.5,9.0],"tintindex":0,"rotation":0,"texture":"#0"},"north":{"uv":[7.0,9.0,8.5,10.25],"tintindex":0,"rotation":0,"texture":"#0"},"west":{"uv":[0.0,8.25,1.75,9.5],"tintindex":0,"rotation":0,"texture":"#0"},"up":{"uv":[7.25,8.0,5.75,6.25],"tintindex":0,"rotation":0,"texture":"#0"},"down":{"uv":[8.75,3.0,7.25,4.75],"tintindex":0,"rotation":0,"texture":"#0"}},"rotation":{"origin":[10.000636,6.809041,10.601268],"angle":22.5,"axis":"x"}},{"from":[8.000636,8.851278,8.402599],"to":[8.000636,10.851277,14.402599],"faces":{"east":{"uv":[5.0,4.25,6.5,4.75],"tintindex":0,"rotation":0,"texture":"#0"},"west":{"uv":[11.5,9.75,13.0,10.25],"tintindex":0,"rotation":0,"texture":"#0"}},"rotation":{"origin":[12.500637,9.851278,12.402599],"angle":22.5,"axis":"x"}}],"display":{"head":{"rotation":[0.0,0.0,0.0]},"firstperson_righthand":{"rotation":[0.0,0.0,0.0]},"thirdperson_lefthand":{"rotation":[0.0,-0.0,-0.0]},"firstperson_lefthand":{"rotation":[0.0,-0.0,-0.0]},"fixed":{"rotation":[0.0,0.0,0.0]},"ground":{"rotation":[0.0,0.0,0.0]},"thirdperson_righthand":{"rotation":[0.0,0.0,0.0]},"gui":{"rotation":[-150.0,-45.0,180.0]}}}