{"textures":{"0":"modelengine:entity/scorpion","particle":"#0"},"elements":[{"from":[6.0,2.5,6.0],"to":[10.0,13.5,10.0],"faces":{"east":{"uv":[5.5,8.75,6.5,11.5],"tintindex":0,"rotation":0,"texture":"#0"},"south":{"uv":[6.5,8.75,7.5,11.5],"tintindex":0,"rotation":0,"texture":"#0"},"north":{"uv":[4.5,8.75,5.5,11.5],"tintindex":0,"rotation":0,"texture":"#0"},"west":{"uv":[9.0,3.75,10.0,6.5],"tintindex":0,"rotation":0,"texture":"#0"},"up":{"uv":[14.5,9.75,13.5,8.75],"tintindex":0,"rotation":0,"texture":"#0"},"down":{"uv":[7.0,13.75,6.0,14.75],"tintindex":0,"rotation":0,"texture":"#0"}}}],"display":{"head":{"rotation":[-22.909807,10.288585,-27.909807]},"firstperson_righthand":{"rotation":[-22.909807,10.288585,-27.909807]},"thirdperson_lefthand":{"rotation":[-22.909807,-10.288585,27.909807]},"firstperson_lefthand":{"rotation":[-22.909807,-10.288585,27.909807]},"fixed":{"rotation":[-22.909807,10.288585,-27.909807]},"ground":{"rotation":[-22.909807,10.288585,-27.909807]},"thirdperson_righthand":{"rotation":[-22.909807,10.288585,-27.909807]},"gui":{"rotation":[-113.33731,-50.098648,177.50163]}}}