{"textures":{"0":"modelengine:entity/scorpion","particle":"#0"},"elements":[{"from":[6.0,2.5,6.0],"to":[10.0,13.5,10.0],"faces":{"east":{"uv":[4.5,8.75,3.5,11.5],"tintindex":0,"rotation":0,"texture":"#0"},"south":{"uv":[2.0,8.5,1.0,11.25],"tintindex":0,"rotation":0,"texture":"#0"},"north":{"uv":[9.0,7.5,8.0,10.25],"tintindex":0,"rotation":0,"texture":"#0"},"west":{"uv":[1.0,8.5,0.0,11.25],"tintindex":0,"rotation":0,"texture":"#0"},"up":{"uv":[13.5,7.75,14.5,6.75],"tintindex":0,"rotation":0,"texture":"#0"},"down":{"uv":[13.5,7.75,14.5,8.75],"tintindex":0,"rotation":0,"texture":"#0"}}}],"display":{"head":{"rotation":[-0.0,0.0,42.5]},"firstperson_righthand":{"rotation":[-0.0,0.0,42.5]},"thirdperson_lefthand":{"rotation":[-0.0,-0.0,-42.5]},"firstperson_lefthand":{"rotation":[-0.0,-0.0,-42.5]},"fixed":{"rotation":[-0.0,0.0,42.5]},"ground":{"rotation":[-0.0,0.0,42.5]},"thirdperson_righthand":{"rotation":[-0.0,0.0,42.5]},"gui":{"rotation":[-150.0,-45.0,-137.5]}}}