{"textures":{"0":"modelengine:entity/scorpion","particle":"#0"},"elements":[{"from":[6.5,-10.431616,12.372692],"to":[9.5,-7.431617,21.372692],"faces":{"east":{"uv":[12.0,10.5,14.25,11.25],"tintindex":0,"rotation":0,"texture":"#0"},"south":{"uv":[14.0,5.75,14.75,6.5],"tintindex":0,"rotation":0,"texture":"#0"},"north":{"uv":[6.0,12.75,6.75,13.5],"tintindex":0,"rotation":0,"texture":"#0"},"west":{"uv":[12.0,11.25,14.25,12.0],"tintindex":0,"rotation":0,"texture":"#0"},"up":{"uv":[7.5,13.75,6.75,11.5],"tintindex":0,"rotation":0,"texture":"#0"},"down":{"uv":[12.75,12.0,12.0,14.25],"tintindex":0,"rotation":0,"texture":"#0"}}}],"display":{"head":{"rotation":[-117.5,0.0,0.0]},"firstperson_righthand":{"rotation":[-117.5,0.0,0.0]},"thirdperson_lefthand":{"rotation":[-117.5,-0.0,-0.0]},"firstperson_lefthand":{"rotation":[-117.5,-0.0,-0.0]},"fixed":{"rotation":[-117.5,0.0,0.0]},"ground":{"rotation":[-117.5,0.0,0.0]},"thirdperson_righthand":{"rotation":[-117.5,0.0,0.0]},"gui":{"rotation":[-39.791515,19.056814,-138.42662]}}}