{"textures":{"0":"modelengine:entity/scorpion","particle":"#0"},"elements":[{"from":[3.2499995,7.25,5.0],"to":[12.25,12.25,11.0],"faces":{"east":{"uv":[8.5,12.0,10.0,13.25],"tintindex":0,"rotation":0,"texture":"#0"},"south":{"uv":[5.75,7.5,8.0,8.75],"tintindex":0,"rotation":0,"texture":"#0"},"north":{"uv":[3.5,7.5,5.75,8.75],"tintindex":0,"rotation":0,"texture":"#0"},"west":{"uv":[12.0,9.25,13.5,10.5],"tintindex":0,"rotation":0,"texture":"#0"},"up":{"uv":[2.25,7.25,0.0,5.75],"tintindex":0,"rotation":0,"texture":"#0"},"down":{"uv":[4.5,6.0,2.25,7.5],"tintindex":0,"rotation":0,"texture":"#0"}}},{"from":[4.25,5.25,6.0],"to":[12.25,7.25,10.0],"faces":{"east":{"uv":[14.0,12.5,15.0,13.0],"tintindex":0,"rotation":0,"texture":"#0"},"south":{"uv":[14.0,5.25,16.0,5.75],"tintindex":0,"rotation":0,"texture":"#0"},"north":{"uv":[13.5,9.75,15.5,10.25],"tintindex":0,"rotation":0,"texture":"#0"},"west":{"uv":[14.0,13.0,15.0,13.5],"tintindex":0,"rotation":0,"texture":"#0"},"up":{"uv":[14.0,5.75,12.0,4.75],"tintindex":0,"rotation":0,"texture":"#0"},"down":{"uv":[14.0,5.75,12.0,6.75],"tintindex":0,"rotation":0,"texture":"#0"}}}],"display":{"head":{"rotation":[13.701218,-29.762117,26.15697]},"firstperson_righthand":{"rotation":[13.701218,-29.762117,26.15697]},"thirdperson_lefthand":{"rotation":[13.701218,29.762117,-26.15697]},"firstperson_lefthand":{"rotation":[13.701218,29.762117,-26.15697]},"fixed":{"rotation":[13.701218,-29.762117,26.15697]},"ground":{"rotation":[13.701218,-29.762117,26.15697]},"thirdperson_righthand":{"rotation":[13.701218,-29.762117,26.15697]},"gui":{"rotation":[-162.24539,-14.203105,-163.79169]}}}