{
    "model": {
        "type": "range_dispatch",
        "property": "custom_model_data",
        "fallback": {
            "type": "model",
            "model": "minecraft:item/leather_horse_armor"
        },
        "entries": [
            {
                "threshold": 1,
                "model": {
                    "type": "model",
                    "model": "modelengine:nm_squirrel_red/nm_squirrel_red"
                }
            },
            {
                "threshold": 2,
                "model": {
                    "type": "model",
                    "model": "modelengine:nm_squirrel_brown/nm_squirrel_brown"
                }
            },
            {
                "threshold": 3,
                "model": {
                    "type": "model",
                    "model": "modelengine:nm_squirrel_gray/nm_squirrel_gray"
                }
            },
            {
                "threshold": 4,
                "model": {
                    "type": "model",
                    "model": "modelengine:nm_squirrel_brown/rightarm"
                }
            },
            {
                "threshold": 5,
                "model": {
                    "type": "model",
                    "model": "modelengine:nm_squirrel_gray/rightarm"
                }
            },
            {
                "threshold": 6,
                "model": {
                    "type": "model",
                    "model": "modelengine:nm_squirrel_red/rightarm"
                }
            },
            {
                "threshold": 7,
                "model": {
                    "type": "model",
                    "model": "modelengine:nm_squirrel_brown/head"
                }
            },
            {
                "threshold": 8,
                "model": {
                    "type": "model",
                    "model": "modelengine:nm_squirrel_gray/head"
                }
            },
            {
                "threshold": 9,
                "model": {
                    "type": "model",
                    "model": "modelengine:nm_squirrel_brown/tail"
                }
            },
            {
                "threshold": 10,
                "model": {
                    "type": "model",
                    "model": "modelengine:nm_squirrel_red/head"
                }
            },
            {
                "threshold": 11,
                "model": {
                    "type": "model",
                    "model": "modelengine:nm_squirrel_brown/leftarm"
                }
            },
            {
                "threshold": 12,
                "model": {
                    "type": "model",
                    "model": "modelengine:nm_squirrel_red/tail"
                }
            },
            {
                "threshold": 13,
                "model": {
                    "type": "model",
                    "model": "modelengine:nm_squirrel_brown/rightleg"
                }
            },
            {
                "threshold": 14,
                "model": {
                    "type": "model",
                    "model": "modelengine:nm_squirrel_red/leftarm"
                }
            },
            {
                "threshold": 15,
                "model": {
                    "type": "model",
                    "model": "modelengine:nm_squirrel_brown/leftleg"
                }
            },
            {
                "threshold": 16,
                "model": {
                    "type": "model",
                    "model": "modelengine:nm_squirrel_red/rightleg"
                }
            },
            {
                "threshold": 17,
                "model": {
                    "type": "model",
                    "model": "modelengine:nm_squirrel_red/leftleg"
                }
            },
            {
                "threshold": 18,
                "model": {
                    "type": "model",
                    "model": "modelengine:nm_squirrel_gray/tail"
                }
            },
            {
                "threshold": 19,
                "model": {
                    "type": "model",
                    "model": "modelengine:nm_squirrel_gray/leftarm"
                }
            },
            {
                "threshold": 20,
                "model": {
                    "type": "model",
                    "model": "modelengine:nm_squirrel_gray/rightleg"
                }
            },
            {
                "threshold": 21,
                "model": {
                    "type": "model",
                    "model": "modelengine:nm_squirrel_gray/leftleg"
                }
            }
        ]
    }
}