{
   "parent":"item/handheld_rod",
   "textures":{
      "layer0":"item/fishing_rod"
   },
   "overrides":[
      {
         "predicate":{
            "cast":1
         },
         "model":"item/fishing_rod_cast"
      },
      {
         "predicate":{
            "custom_model_data":10004
         },
         "model":"minewave:item/coral_summer/fishing_rod"
      },
      {
         "predicate":{
            "cast":1,
            "custom_model_data":10004
         },
         "model":"minewave:item/coral_summer/fishing_rod_cast"
      },
      {
         "predicate":{
            "custom_model_data":10005
         },
         "model":"item/fishing_rod"
      }
   ]
}