{"overrides":[{"predicate":{"custom_model_data":1},"model":"modelengine:nm_alligator/leftarm"},{"predicate":{"custom_model_data":2},"model":"modelengine:nm_squirrel_brown/nm_squirrel_brown"},{"predicate":{"custom_model_data":3},"model":"modelengine:nm_alligator/tail"},{"predicate":{"custom_model_data":4},"model":"modelengine:nm_squirrel_brown/leftarm"},{"predicate":{"custom_model_data":5},"model":"modelengine:nm_squirrel_brown/rightleg"},{"predicate":{"custom_model_data":6},"model":"modelengine:nm_squirrel_brown/tail"},{"predicate":{"custom_model_data":7},"model":"modelengine:nm_robin/head"},{"predicate":{"custom_model_data":8},"model":"modelengine:nm_robin/lowerbeak"},{"predicate":{"custom_model_data":9},"model":"modelengine:nm_alligator/base"},{"predicate":{"custom_model_data":10},"model":"modelengine:nm_robin/rightwing"},{"predicate":{"custom_model_data":11},"model":"modelengine:nm_squirrel_brown/leftleg"},{"predicate":{"custom_model_data":12},"model":"modelengine:nm_squirrel_brown/rightarm"},{"predicate":{"custom_model_data":13},"model":"modelengine:nm_squirrel_brown/head"},{"predicate":{"custom_model_data":14},"model":"modelengine:nm_cardinal/rightleg"},{"predicate":{"custom_model_data":15},"model":"modelengine:nm_cardinal/leftleg"},{"predicate":{"custom_model_data":16},"model":"modelengine:nm_cardinal/torso"},{"predicate":{"custom_model_data":17},"model":"modelengine:nm_cardinal/leftwing"},{"predicate":{"custom_model_data":18},"model":"modelengine:nm_cardinal/tailwing"},{"predicate":{"custom_model_data":19},"model":"modelengine:nm_cardinal/rightwing"},{"predicate":{"custom_model_data":20},"model":"modelengine:nm_cardinal/head"},{"predicate":{"custom_model_data":21},"model":"modelengine:nm_cardinal/lowerbeak"},{"predicate":{"custom_model_data":22},"model":"modelengine:nm_blue_tit/rightleg"},{"predicate":{"custom_model_data":23},"model":"modelengine:nm_blue_tit/leftleg"},{"predicate":{"custom_model_data":24},"model":"modelengine:nm_blue_tit/torso"},{"predicate":{"custom_model_data":25},"model":"modelengine:nm_blue_tit/leftwing"},{"predicate":{"custom_model_data":26},"model":"modelengine:nm_blue_tit/tailwing"},{"predicate":{"custom_model_data":27},"model":"modelengine:nm_blue_tit/rightwing"},{"predicate":{"custom_model_data":28},"model":"modelengine:nm_blue_tit/head"},{"predicate":{"custom_model_data":29},"model":"modelengine:nm_blue_tit/lowerbeak"},{"predicate":{"custom_model_data":30},"model":"modelengine:nm_robin/rightleg"},{"predicate":{"custom_model_data":31},"model":"modelengine:nm_robin/leftleg"},{"predicate":{"custom_model_data":32},"model":"modelengine:nm_robin/torso"},{"predicate":{"custom_model_data":33},"model":"modelengine:nm_robin/leftwing"},{"predicate":{"custom_model_data":34},"model":"modelengine:nm_robin/tailwing"},{"predicate":{"custom_model_data":35},"model":"modelengine:nm_alligator/rightarm"},{"predicate":{"custom_model_data":36},"model":"modelengine:nm_alligator/leftleg"},{"predicate":{"custom_model_data":37},"model":"modelengine:nm_alligator/rightleg"},{"predicate":{"custom_model_data":38},"model":"modelengine:nm_alligator/head"},{"predicate":{"custom_model_data":39},"model":"modelengine:nm_alligator/tail2"},{"predicate":{"custom_model_data":40},"model":"modelengine:nm_alligator/bottomjaw"},{"predicate":{"custom_model_data":41},"model":"modelengine:nm_squirrel_red/nm_squirrel_red"},{"predicate":{"custom_model_data":42},"model":"modelengine:nm_squirrel_red/rightarm"},{"predicate":{"custom_model_data":43},"model":"modelengine:nm_squirrel_red/head"},{"predicate":{"custom_model_data":44},"model":"modelengine:nm_squirrel_red/tail"},{"predicate":{"custom_model_data":45},"model":"modelengine:nm_squirrel_red/leftarm"},{"predicate":{"custom_model_data":46},"model":"modelengine:nm_squirrel_red/rightleg"},{"predicate":{"custom_model_data":47},"model":"modelengine:nm_squirrel_red/leftleg"},{"predicate":{"custom_model_data":48},"model":"modelengine:nm_squirrel_gray/nm_squirrel_gray"},{"predicate":{"custom_model_data":49},"model":"modelengine:nm_squirrel_gray/rightarm"},{"predicate":{"custom_model_data":50},"model":"modelengine:nm_squirrel_gray/head"},{"predicate":{"custom_model_data":51},"model":"modelengine:nm_squirrel_gray/tail"},{"predicate":{"custom_model_data":52},"model":"modelengine:nm_squirrel_gray/leftarm"},{"predicate":{"custom_model_data":53},"model":"modelengine:nm_squirrel_gray/rightleg"},{"predicate":{"custom_model_data":54},"model":"modelengine:nm_squirrel_gray/leftleg"}],"parent":"minecraft:item/generated","textures":{"layer0":"minecraft:item/leather_horse_armor"}}