{
    "model": {
        "type": "range_dispatch",
        "property": "custom_model_data",
        "fallback": {
            "type": "model",
            "model": "item/netherite_sword"
        },
        "entries": [
            {
                "threshold": 10001,
                "model": {
                    "type": "model",
                    "model": "minewave:item/blossom/sword"
                }
            },
            {
                "threshold": 10002,
                "model": {
                    "type": "model",
                    "model": "minewave:item/bunny/sword"
                }
            },
            {
                "threshold": 10003,
                "model": {
                    "type": "model",
                    "model": "minewave:item/lavachicken/sword"
                }
            },
            {
                "threshold": 10004,
                "model": {
                    "type": "model",
                    "model": "minewave:item/coralsummer/hammer"
                }
            },
            {
                "threshold": 10005,
                "model": {
                    "type": "model",
                    "model": "minewave:item/coralsummer/scythe"
                }
            },
            {
                "threshold": 10006,
                "model": {
                    "type": "model",
                    "model": "minewave:item/coralsummer/spear"
                }
            },
            {
                "threshold": 10007,
                "model": {
                    "type": "model",
                    "model": "minewave:item/coralsummer/staff"
                }
            },
            {
                "threshold": 10008,
                "model": {
                    "type": "model",
                    "model": "minewave:item/coralsummer/sword"
                }
            },
            {
                "threshold": 10009,
                "model": {
                    "type": "model",
                    "model": "minewave:item/coralsummer/trident"
                }
            }
        ]
    }
}