{
    "model": {
        "type": "range_dispatch",
        "property": "custom_model_data",
        "fallback": {
            "type": "model",
            "model": "item/netherite_axe"
        },
        "entries": [
            {
                "threshold": 10001,
                "model": {
                    "type": "model",
                    "model": "minewave:item/blossom/axe"
                }
            },
            {
                "threshold": 10002,
                "model": {
                    "type": "model",
                    "model": "minewave:item/bunny/axe"
                }
            },
            {
                "threshold": 10003,
                "model": {
                    "type": "model",
                    "model": "minewave:item/lavachicken/axe"
                }
            },
            {
                "threshold": 10004,
                "model": {
                    "type": "model",
                    "model": "minewave:item/coralsummer/axe"
                }
            }
        ]
    }
}