{
    "credit": "Pologony Creation Co.,Ltd.",
    "textures": {
        "1": "minewave:item/coral_summer/coral",
        "4": "minewave:item/coral_summer/animated/bubble_1",
        "8": "minewave:item/coral_summer/weapons_tools",
        "particle": "minewave:item/coral_summer/coral"
    },
    "elements": [
        {
            "from": [
                8,
                7,
                7.29289
            ],
            "to": [
                9,
                9,
                8.29289
            ],
            "rotation": {
                "angle": -45,
                "axis": "y",
                "origin": [
                    8,
                    7,
                    7.29289
                ]
            },
            "faces": {
                "north": {
                    "uv": [
                        9.63636,
                        4.54545,
                        9.81818,
                        4.90909
                    ],
                    "texture": "#8"
                },
                "east": {
                    "uv": [
                        8.18182,
                        12.54545,
                        8.36364,
                        12.90909
                    ],
                    "texture": "#8"
                },
                "south": {
                    "uv": [
                        11.63636,
                        12.54545,
                        11.81818,
                        12.90909
                    ],
                    "texture": "#8"
                },
                "west": {
                    "uv": [
                        3.63636,
                        13.63636,
                        3.81818,
                        14
                    ],
                    "texture": "#8"
                }
            }
        },
        {
            "from": [
                7.75,
                10,
                7.04289
            ],
            "to": [
                9.25,
                10.5,
                8.54289
            ],
            "rotation": {
                "angle": -45,
                "axis": "y",
                "origin": [
                    8,
                    9,
                    7.29289
                ]
            },
            "faces": {
                "north": {
                    "uv": [
                        14.72727,
                        13.63636,
                        15,
                        13.72727
                    ],
                    "texture": "#8"
                },
                "east": {
                    "uv": [
                        14.72727,
                        14,
                        15,
                        14.09091
                    ],
                    "texture": "#8"
                },
                "south": {
                    "uv": [
                        14.36364,
                        14.72727,
                        14.63636,
                        14.81818
                    ],
                    "texture": "#8"
                },
                "west": {
                    "uv": [
                        14.72727,
                        14.36364,
                        15,
                        14.45455
                    ],
                    "texture": "#8"
                },
                "up": {
                    "uv": [
                        13.81818,
                        7.63636,
                        14.09091,
                        7.90909
                    ],
                    "texture": "#8"
                },
                "down": {
                    "uv": [
                        13.81818,
                        8.72727,
                        14.09091,
                        9
                    ],
                    "texture": "#8"
                }
            }
        },
        {
            "from": [
                7.75,
                9,
                7.04289
            ],
            "to": [
                9.25,
                9.5,
                8.54289
            ],
            "rotation": {
                "angle": -45,
                "axis": "y",
                "origin": [
                    8,
                    9,
                    7.29289
                ]
            },
            "faces": {
                "north": {
                    "uv": [
                        11.81818,
                        14.72727,
                        12.09091,
                        14.81818
                    ],
                    "texture": "#8"
                },
                "east": {
                    "uv": [
                        14.72727,
                        12.54545,
                        15,
                        12.63636
                    ],
                    "texture": "#8"
                },
                "south": {
                    "uv": [
                        14.72727,
                        12.90909,
                        15,
                        13
                    ],
                    "texture": "#8"
                },
                "west": {
                    "uv": [
                        14.72727,
                        13.27273,
                        15,
                        13.36364
                    ],
                    "texture": "#8"
                },
                "up": {
                    "uv": [
                        1.45455,
                        13.81818,
                        1.72727,
                        14.09091
                    ],
                    "texture": "#8"
                },
                "down": {
                    "uv": [
                        2,
                        13.81818,
                        2.27273,
                        14.09091
                    ],
                    "texture": "#8"
                }
            }
        },
        {
            "from": [
                8,
                9.5,
                7.29289
            ],
            "to": [
                9,
                10,
                8.29289
            ],
            "rotation": {
                "angle": -45,
                "axis": "y",
                "origin": [
                    8,
                    9.5,
                    7.29289
                ]
            },
            "faces": {
                "north": {
                    "uv": [
                        14.90909,
                        11.09091,
                        15.09091,
                        11.18182
                    ],
                    "texture": "#8"
                },
                "east": {
                    "uv": [
                        14.90909,
                        11.45455,
                        15.09091,
                        11.54545
                    ],
                    "texture": "#8"
                },
                "south": {
                    "uv": [
                        14.90909,
                        11.81818,
                        15.09091,
                        11.90909
                    ],
                    "texture": "#8"
                },
                "west": {
                    "uv": [
                        14.90909,
                        12.18182,
                        15.09091,
                        12.27273
                    ],
                    "texture": "#8"
                }
            }
        },
        {
            "from": [
                8,
                6,
                7.29289
            ],
            "to": [
                9,
                6.5,
                8.29289
            ],
            "rotation": {
                "angle": -45,
                "axis": "y",
                "origin": [
                    8,
                    6,
                    7.29289
                ]
            },
            "faces": {
                "north": {
                    "uv": [
                        10.36364,
                        14.90909,
                        10.54545,
                        15
                    ],
                    "texture": "#8"
                },
                "east": {
                    "uv": [
                        14.90909,
                        10.36364,
                        15.09091,
                        10.45455
                    ],
                    "texture": "#8"
                },
                "south": {
                    "uv": [
                        10.72727,
                        14.90909,
                        10.90909,
                        15
                    ],
                    "texture": "#8"
                },
                "west": {
                    "uv": [
                        14.90909,
                        10.72727,
                        15.09091,
                        10.81818
                    ],
                    "texture": "#8"
                }
            }
        },
        {
            "from": [
                7.75,
                6.5,
                7.04289
            ],
            "to": [
                9.25,
                7,
                8.54289
            ],
            "rotation": {
                "angle": -45,
                "axis": "y",
                "origin": [
                    8,
                    6.5,
                    7.29289
                ]
            },
            "faces": {
                "north": {
                    "uv": [
                        8.36364,
                        14.72727,
                        8.63636,
                        14.81818
                    ],
                    "texture": "#8"
                },
                "east": {
                    "uv": [
                        14.72727,
                        8.90909,
                        15,
                        9
                    ],
                    "texture": "#8"
                },
                "south": {
                    "uv": [
                        14.72727,
                        9.27273,
                        15,
                        9.36364
                    ],
                    "texture": "#8"
                },
                "west": {
                    "uv": [
                        14.72727,
                        9.63636,
                        15,
                        9.72727
                    ],
                    "texture": "#8"
                },
                "up": {
                    "uv": [
                        13.27273,
                        13.63636,
                        13.54545,
                        13.90909
                    ],
                    "texture": "#8"
                },
                "down": {
                    "uv": [
                        0.54545,
                        13.81818,
                        0.81818,
                        14.09091
                    ],
                    "texture": "#8"
                }
            }
        },
        {
            "from": [
                7.75,
                5.5,
                7.04289
            ],
            "to": [
                9.25,
                6,
                8.54289
            ],
            "rotation": {
                "angle": -45,
                "axis": "y",
                "origin": [
                    8,
                    5.5,
                    7.29289
                ]
            },
            "faces": {
                "north": {
                    "uv": [
                        14.72727,
                        4.90909,
                        15,
                        5
                    ],
                    "texture": "#8"
                },
                "east": {
                    "uv": [
                        14.72727,
                        5.27273,
                        15,
                        5.36364
                    ],
                    "texture": "#8"
                },
                "south": {
                    "uv": [
                        7.27273,
                        14.72727,
                        7.54545,
                        14.81818
                    ],
                    "texture": "#8"
                },
                "west": {
                    "uv": [
                        7.81818,
                        14.72727,
                        8.09091,
                        14.81818
                    ],
                    "texture": "#8"
                },
                "up": {
                    "uv": [
                        13.63636,
                        11.63636,
                        13.90909,
                        11.90909
                    ],
                    "texture": "#8"
                },
                "down": {
                    "uv": [
                        13.63636,
                        12.18182,
                        13.90909,
                        12.45455
                    ],
                    "texture": "#8"
                }
            }
        },
        {
            "from": [
                6.75,
                10.5,
                7.13934
            ],
            "to": [
                9.25,
                12.5,
                9.13934
            ],
            "rotation": {
                "angle": 22.5,
                "axis": "x",
                "origin": [
                    7,
                    10.5,
                    7.13934
                ]
            },
            "faces": {
                "north": {
                    "uv": [
                        8.90909,
                        4.54545,
                        9.36364,
                        4.90909
                    ],
                    "texture": "#8"
                },
                "east": {
                    "uv": [
                        2,
                        13.27273,
                        2.36364,
                        13.63636
                    ],
                    "texture": "#8"
                },
                "south": {
                    "uv": [
                        7.45455,
                        12.54545,
                        7.90909,
                        12.90909
                    ],
                    "texture": "#8"
                },
                "west": {
                    "uv": [
                        13.27273,
                        7.63636,
                        13.63636,
                        8
                    ],
                    "texture": "#8"
                },
                "up": {
                    "uv": [
                        13,
                        9.45455,
                        12.54545,
                        9.09091
                    ],
                    "texture": "#8"
                },
                "down": {
                    "uv": [
                        13,
                        9.63636,
                        12.54545,
                        10
                    ],
                    "texture": "#8"
                }
            }
        },
        {
            "from": [
                7.25,
                12.06421,
                5.22513
            ],
            "to": [
                8.75,
                13.56421,
                8.22513
            ],
            "rotation": {
                "angle": 45,
                "axis": "x",
                "origin": [
                    7.5,
                    12.41421,
                    5.97513
                ]
            },
            "faces": {
                "north": {
                    "uv": [
                        0,
                        14,
                        0.27273,
                        14.27273
                    ],
                    "texture": "#8"
                },
                "east": {
                    "uv": [
                        12.72727,
                        6.54545,
                        13.27273,
                        6.81818
                    ],
                    "texture": "#8"
                },
                "west": {
                    "uv": [
                        12.72727,
                        7.09091,
                        13.27273,
                        7.36364
                    ],
                    "texture": "#8"
                },
                "up": {
                    "uv": [
                        0.27273,
                        13.27273,
                        0,
                        12.72727
                    ],
                    "texture": "#8"
                },
                "down": {
                    "uv": [
                        13,
                        7.63636,
                        12.72727,
                        8.18182
                    ],
                    "texture": "#8"
                }
            }
        },
        {
            "from": [
                7.25,
                13.53805,
                6.34896
            ],
            "to": [
                8.75,
                15.03805,
                9.34896
            ],
            "rotation": {
                "angle": -45,
                "axis": "x",
                "origin": [
                    8,
                    14.28805,
                    7.84896
                ]
            },
            "faces": {
                "east": {
                    "uv": [
                        12.72727,
                        8.36364,
                        13.27273,
                        8.63636
                    ],
                    "texture": "#8"
                },
                "south": {
                    "uv": [
                        14,
                        0,
                        14.27273,
                        0.27273
                    ],
                    "texture": "#8"
                },
                "west": {
                    "uv": [
                        12.72727,
                        10.72727,
                        13.27273,
                        11
                    ],
                    "texture": "#8"
                },
                "up": {
                    "uv": [
                        13,
                        11.81818,
                        12.72727,
                        11.27273
                    ],
                    "texture": "#8"
                },
                "down": {
                    "uv": [
                        13,
                        12,
                        12.72727,
                        12.54545
                    ],
                    "texture": "#8"
                }
            }
        },
        {
            "from": [
                7.2535,
                14.3083,
                7.99723
            ],
            "to": [
                8.7465,
                15.3583,
                9.99723
            ],
            "rotation": {
                "angle": 22.5,
                "axis": "x",
                "origin": [
                    7.7535,
                    14.6583,
                    9.49723
                ]
            },
            "faces": {
                "east": {
                    "uv": [
                        10.54545,
                        14,
                        10.90909,
                        14.18182
                    ],
                    "texture": "#8"
                },
                "south": {
                    "uv": [
                        7.27273,
                        14.36364,
                        7.54545,
                        14.54545
                    ],
                    "texture": "#8"
                },
                "west": {
                    "uv": [
                        14,
                        10.72727,
                        14.36364,
                        10.90909
                    ],
                    "texture": "#8"
                },
                "up": {
                    "uv": [
                        8.81818,
                        13.81818,
                        8.54545,
                        13.45455
                    ],
                    "texture": "#8"
                },
                "down": {
                    "uv": [
                        13.72727,
                        10.54545,
                        13.45455,
                        10.90909
                    ],
                    "texture": "#8"
                }
            }
        },
        {
            "from": [
                7.2535,
                15.01852,
                9.7054
            ],
            "to": [
                8.7465,
                17.51852,
                10.7054
            ],
            "rotation": {
                "angle": 22.5,
                "axis": "x",
                "origin": [
                    7.7535,
                    16.26852,
                    10.7054
                ]
            },
            "faces": {
                "north": {
                    "uv": [
                        13.27273,
                        8.90909,
                        13.54545,
                        9.36364
                    ],
                    "texture": "#8"
                },
                "east": {
                    "uv": [
                        6.18182,
                        13.45455,
                        6.36364,
                        13.90909
                    ],
                    "texture": "#8"
                },
                "south": {
                    "uv": [
                        9.27273,
                        13.27273,
                        9.54545,
                        13.72727
                    ],
                    "texture": "#8"
                },
                "west": {
                    "uv": [
                        3.27273,
                        13.63636,
                        3.45455,
                        14.09091
                    ],
                    "texture": "#8"
                },
                "up": {
                    "uv": [
                        14.63636,
                        7.63636,
                        14.36364,
                        7.45455
                    ],
                    "texture": "#8"
                }
            }
        },
        {
            "from": [
                7.2535,
                15.79173,
                10.8592
            ],
            "to": [
                8.7465,
                16.79173,
                11.8592
            ],
            "rotation": {
                "angle": 22.5,
                "axis": "x",
                "origin": [
                    7.7535,
                    16.29173,
                    12.6092
                ]
            },
            "faces": {
                "east": {
                    "uv": [
                        14.72727,
                        2,
                        14.90909,
                        2.18182
                    ],
                    "texture": "#8"
                },
                "south": {
                    "uv": [
                        14.36364,
                        7.81818,
                        14.63636,
                        8
                    ],
                    "texture": "#8"
                },
                "west": {
                    "uv": [
                        14.72727,
                        2.36364,
                        14.90909,
                        2.54545
                    ],
                    "texture": "#8"
                },
                "up": {
                    "uv": [
                        8.63636,
                        14.54545,
                        8.36364,
                        14.36364
                    ],
                    "texture": "#8"
                },
                "down": {
                    "uv": [
                        14.63636,
                        8.54545,
                        14.36364,
                        8.72727
                    ],
                    "texture": "#8"
                }
            }
        },
        {
            "from": [
                7.5035,
                14.79173,
                11.3592
            ],
            "to": [
                8.4965,
                15.29173,
                12.8592
            ],
            "rotation": {
                "angle": 22.5,
                "axis": "x",
                "origin": [
                    7.7535,
                    16.29173,
                    12.6092
                ]
            },
            "faces": {
                "north": {
                    "uv": [
                        15.09091,
                        3.45455,
                        15.27273,
                        3.54545
                    ],
                    "texture": "#8"
                },
                "east": {
                    "uv": [
                        14.90909,
                        8.54545,
                        15.18182,
                        8.63636
                    ],
                    "texture": "#8"
                },
                "south": {
                    "uv": [
                        15.09091,
                        3.81818,
                        15.27273,
                        3.90909
                    ],
                    "texture": "#8"
                },
                "west": {
                    "uv": [
                        8.90909,
                        14.90909,
                        9.18182,
                        15
                    ],
                    "texture": "#8"
                },
                "up": {
                    "uv": [
                        9.09091,
                        14.63636,
                        8.90909,
                        14.36364
                    ],
                    "texture": "#8"
                },
                "down": {
                    "uv": [
                        14.54545,
                        8.90909,
                        14.36364,
                        9.18182
                    ],
                    "texture": "#8"
                }
            }
        },
        {
            "from": [
                7.5035,
                15.29173,
                11.8592
            ],
            "to": [
                8.4965,
                16.79173,
                12.8592
            ],
            "rotation": {
                "angle": 22.5,
                "axis": "x",
                "origin": [
                    7.7535,
                    16.29173,
                    12.6092
                ]
            },
            "faces": {
                "north": {
                    "uv": [
                        9.27273,
                        14.36364,
                        9.45455,
                        14.63636
                    ],
                    "texture": "#8"
                },
                "east": {
                    "uv": [
                        14.36364,
                        9.45455,
                        14.54545,
                        9.72727
                    ],
                    "texture": "#8"
                },
                "south": {
                    "uv": [
                        9.63636,
                        14.36364,
                        9.81818,
                        14.63636
                    ],
                    "texture": "#8"
                },
                "west": {
                    "uv": [
                        10.54545,
                        14.36364,
                        10.72727,
                        14.63636
                    ],
                    "texture": "#8"
                },
                "up": {
                    "uv": [
                        14.90909,
                        3.27273,
                        14.72727,
                        3.09091
                    ],
                    "texture": "#8"
                }
            }
        },
        {
            "from": [
                6.75,
                3.5,
                7.13934
            ],
            "to": [
                9.25,
                5.5,
                9.13934
            ],
            "rotation": {
                "angle": -22.5,
                "axis": "x",
                "origin": [
                    7,
                    5.5,
                    7.13934
                ]
            },
            "faces": {
                "north": {
                    "uv": [
                        8.90909,
                        4.90909,
                        9.36364,
                        4.54545
                    ],
                    "texture": "#8"
                },
                "east": {
                    "uv": [
                        2,
                        13.63636,
                        2.36364,
                        13.27273
                    ],
                    "texture": "#8"
                },
                "south": {
                    "uv": [
                        7.45455,
                        12.90909,
                        7.90909,
                        12.54545
                    ],
                    "texture": "#8"
                },
                "west": {
                    "uv": [
                        13.27273,
                        8,
                        13.63636,
                        7.63636
                    ],
                    "texture": "#8"
                },
                "up": {
                    "uv": [
                        13,
                        10,
                        12.54545,
                        9.63636
                    ],
                    "texture": "#8"
                },
                "down": {
                    "uv": [
                        13,
                        9.09091,
                        12.54545,
                        9.45455
                    ],
                    "texture": "#8"
                }
            }
        },
        {
            "from": [
                7.25,
                2.43579,
                5.22513
            ],
            "to": [
                8.75,
                3.93579,
                8.22513
            ],
            "rotation": {
                "angle": -45,
                "axis": "x",
                "origin": [
                    7.5,
                    3.58579,
                    5.97513
                ]
            },
            "faces": {
                "north": {
                    "uv": [
                        0,
                        14.27273,
                        0.27273,
                        14
                    ],
                    "texture": "#8"
                },
                "east": {
                    "uv": [
                        12.72727,
                        6.81818,
                        13.27273,
                        6.54545
                    ],
                    "texture": "#8"
                },
                "west": {
                    "uv": [
                        12.72727,
                        7.36364,
                        13.27273,
                        7.09091
                    ],
                    "texture": "#8"
                },
                "up": {
                    "uv": [
                        13,
                        8.18182,
                        12.72727,
                        7.63636
                    ],
                    "texture": "#8"
                },
                "down": {
                    "uv": [
                        0.27273,
                        12.72727,
                        0,
                        13.27273
                    ],
                    "texture": "#8"
                }
            }
        },
        {
            "from": [
                7.25,
                0.96195,
                6.34896
            ],
            "to": [
                8.75,
                2.46195,
                9.34896
            ],
            "rotation": {
                "angle": 45,
                "axis": "x",
                "origin": [
                    8,
                    1.71195,
                    7.84896
                ]
            },
            "faces": {
                "east": {
                    "uv": [
                        12.72727,
                        8.63636,
                        13.27273,
                        8.36364
                    ],
                    "texture": "#8"
                },
                "south": {
                    "uv": [
                        14,
                        0.27273,
                        14.27273,
                        0
                    ],
                    "texture": "#8"
                },
                "west": {
                    "uv": [
                        12.72727,
                        11,
                        13.27273,
                        10.72727
                    ],
                    "texture": "#8"
                },
                "up": {
                    "uv": [
                        13,
                        12.54545,
                        12.72727,
                        12
                    ],
                    "texture": "#8"
                },
                "down": {
                    "uv": [
                        13,
                        11.27273,
                        12.72727,
                        11.81818
                    ],
                    "texture": "#8"
                }
            }
        },
        {
            "from": [
                7.2535,
                0.6417,
                7.99723
            ],
            "to": [
                8.7465,
                1.6917,
                9.99723
            ],
            "rotation": {
                "angle": -22.5,
                "axis": "x",
                "origin": [
                    7.7535,
                    1.3417,
                    9.49723
                ]
            },
            "faces": {
                "east": {
                    "uv": [
                        10.54545,
                        14.18182,
                        10.90909,
                        14
                    ],
                    "texture": "#8"
                },
                "south": {
                    "uv": [
                        7.27273,
                        14.54545,
                        7.54545,
                        14.36364
                    ],
                    "texture": "#8"
                },
                "west": {
                    "uv": [
                        14,
                        10.90909,
                        14.36364,
                        10.72727
                    ],
                    "texture": "#8"
                },
                "up": {
                    "uv": [
                        13.72727,
                        10.90909,
                        13.45455,
                        10.54545
                    ],
                    "texture": "#8"
                },
                "down": {
                    "uv": [
                        8.81818,
                        13.45455,
                        8.54545,
                        13.81818
                    ],
                    "texture": "#8"
                }
            }
        },
        {
            "from": [
                7.2535,
                -1.51852,
                9.7054
            ],
            "to": [
                8.7465,
                0.98148,
                10.7054
            ],
            "rotation": {
                "angle": -22.5,
                "axis": "x",
                "origin": [
                    7.7535,
                    -0.26852,
                    10.7054
                ]
            },
            "faces": {
                "north": {
                    "uv": [
                        13.27273,
                        9.36364,
                        13.54545,
                        8.90909
                    ],
                    "texture": "#8"
                },
                "east": {
                    "uv": [
                        6.18182,
                        13.90909,
                        6.36364,
                        13.45455
                    ],
                    "texture": "#8"
                },
                "south": {
                    "uv": [
                        9.27273,
                        13.72727,
                        9.54545,
                        13.27273
                    ],
                    "texture": "#8"
                },
                "west": {
                    "uv": [
                        3.27273,
                        14.09091,
                        3.45455,
                        13.63636
                    ],
                    "texture": "#8"
                },
                "down": {
                    "uv": [
                        14.63636,
                        7.45455,
                        14.36364,
                        7.63636
                    ],
                    "texture": "#8"
                }
            }
        },
        {
            "from": [
                7.2535,
                -0.79173,
                10.8592
            ],
            "to": [
                8.7465,
                0.20827,
                11.8592
            ],
            "rotation": {
                "angle": -22.5,
                "axis": "x",
                "origin": [
                    7.7535,
                    -0.29173,
                    12.6092
                ]
            },
            "faces": {
                "east": {
                    "uv": [
                        14.72727,
                        2.18182,
                        14.90909,
                        2
                    ],
                    "texture": "#8"
                },
                "south": {
                    "uv": [
                        14.36364,
                        8,
                        14.63636,
                        7.81818
                    ],
                    "texture": "#8"
                },
                "west": {
                    "uv": [
                        14.72727,
                        2.54545,
                        14.90909,
                        2.36364
                    ],
                    "texture": "#8"
                },
                "up": {
                    "uv": [
                        14.63636,
                        8.72727,
                        14.36364,
                        8.54545
                    ],
                    "texture": "#8"
                },
                "down": {
                    "uv": [
                        8.63636,
                        14.36364,
                        8.36364,
                        14.54545
                    ],
                    "texture": "#8"
                }
            }
        },
        {
            "from": [
                7.5035,
                -0.79173,
                11.8592
            ],
            "to": [
                8.4965,
                0.70827,
                12.8592
            ],
            "rotation": {
                "angle": -22.5,
                "axis": "x",
                "origin": [
                    7.7535,
                    -0.29173,
                    12.6092
                ]
            },
            "faces": {
                "north": {
                    "uv": [
                        9.27273,
                        14.63636,
                        9.45455,
                        14.36364
                    ],
                    "texture": "#8"
                },
                "east": {
                    "uv": [
                        14.36364,
                        9.72727,
                        14.54545,
                        9.45455
                    ],
                    "texture": "#8"
                },
                "south": {
                    "uv": [
                        9.63636,
                        14.63636,
                        9.81818,
                        14.36364
                    ],
                    "texture": "#8"
                },
                "west": {
                    "uv": [
                        10.54545,
                        14.63636,
                        10.72727,
                        14.36364
                    ],
                    "texture": "#8"
                },
                "down": {
                    "uv": [
                        14.90909,
                        3.09091,
                        14.72727,
                        3.27273
                    ],
                    "texture": "#8"
                }
            }
        },
        {
            "from": [
                7.5035,
                0.70827,
                11.3592
            ],
            "to": [
                8.4965,
                1.20827,
                12.8592
            ],
            "rotation": {
                "angle": -22.5,
                "axis": "x",
                "origin": [
                    7.7535,
                    -0.29173,
                    12.6092
                ]
            },
            "faces": {
                "north": {
                    "uv": [
                        15.09091,
                        3.54545,
                        15.27273,
                        3.45455
                    ],
                    "texture": "#8"
                },
                "east": {
                    "uv": [
                        14.90909,
                        8.63636,
                        15.18182,
                        8.54545
                    ],
                    "texture": "#8"
                },
                "south": {
                    "uv": [
                        15.09091,
                        3.90909,
                        15.27273,
                        3.81818
                    ],
                    "texture": "#8"
                },
                "west": {
                    "uv": [
                        8.90909,
                        15,
                        9.18182,
                        14.90909
                    ],
                    "texture": "#8"
                },
                "up": {
                    "uv": [
                        14.54545,
                        9.18182,
                        14.36364,
                        8.90909
                    ],
                    "texture": "#8"
                },
                "down": {
                    "uv": [
                        9.09091,
                        14.36364,
                        8.90909,
                        14.63636
                    ],
                    "texture": "#8"
                }
            }
        },
        {
            "from": [
                7.995,
                -0.25,
                11
            ],
            "to": [
                8.005,
                16.25,
                16.5
            ],
            "rotation": {
                "angle": 0,
                "axis": "y",
                "origin": [
                    1.995,
                    1,
                    0
                ]
            },
            "faces": {
                "east": {
                    "uv": [
                        5.90909,
                        0,
                        4.90909,
                        3
                    ],
                    "texture": "#8"
                },
                "west": {
                    "uv": [
                        4.90909,
                        0,
                        5.90909,
                        3
                    ],
                    "texture": "#8"
                }
            }
        },
        {
            "from": [
                6.75,
                7.985,
                3.75
            ],
            "to": [
                9.25,
                8.015,
                15.75
            ],
            "rotation": {
                "angle": 0,
                "axis": "y",
                "origin": [
                    8,
                    8,
                    9.75
                ]
            },
            "faces": {
                "up": {
                    "uv": [
                        3.72727,
                        12.18182,
                        3.27273,
                        10
                    ],
                    "texture": "#8"
                },
                "down": {
                    "uv": [
                        3.72727,
                        10,
                        3.27273,
                        12.18182
                    ],
                    "texture": "#8"
                }
            }
        },
        {
            "from": [
                7.985,
                6.75,
                3.75
            ],
            "to": [
                8.015,
                9.25,
                15.75
            ],
            "rotation": {
                "angle": 0,
                "axis": "y",
                "origin": [
                    8,
                    8,
                    9.75
                ]
            },
            "faces": {
                "east": {
                    "uv": [
                        3.72727,
                        10,
                        3.27273,
                        12.18182
                    ],
                    "rotation": 270,
                    "texture": "#8"
                },
                "west": {
                    "uv": [
                        3.72727,
                        12.18182,
                        3.27273,
                        10
                    ],
                    "rotation": 270,
                    "texture": "#8"
                }
            }
        },
        {
            "from": [
                5.74538,
                14.75,
                4
            ],
            "to": [
                5.75538,
                19.75,
                9
            ],
            "rotation": {
                "angle": 22.5,
                "axis": "y",
                "origin": [
                    5.74538,
                    14.75,
                    4
                ]
            },
            "faces": {
                "east": {
                    "uv": [
                        5,
                        0,
                        0,
                        5
                    ],
                    "texture": "#1"
                },
                "west": {
                    "uv": [
                        0,
                        0,
                        5,
                        5
                    ],
                    "texture": "#1"
                }
            }
        },
        {
            "from": [
                10.24538,
                12.5,
                1.5
            ],
            "to": [
                10.25538,
                17.5,
                6.5
            ],
            "rotation": {
                "angle": -22.5,
                "axis": "y",
                "origin": [
                    10.24538,
                    12.5,
                    1.5
                ]
            },
            "faces": {
                "east": {
                    "uv": [
                        0,
                        6,
                        5,
                        11
                    ],
                    "texture": "#1"
                },
                "west": {
                    "uv": [
                        5,
                        6,
                        0,
                        11
                    ],
                    "texture": "#1"
                }
            }
        },
        {
            "from": [
                10.65342,
                0.12096,
                3.75989
            ],
            "to": [
                10.66342,
                5.12096,
                8.75989
            ],
            "rotation": {
                "angle": -22.5,
                "axis": "y",
                "origin": [
                    10.66342,
                    0.12096,
                    3.75989
                ]
            },
            "faces": {
                "east": {
                    "uv": [
                        5,
                        0,
                        0,
                        5
                    ],
                    "texture": "#1"
                },
                "west": {
                    "uv": [
                        0,
                        0,
                        5,
                        5
                    ],
                    "texture": "#1"
                }
            }
        },
        {
            "from": [
                5.33582,
                1.87096,
                2.25607
            ],
            "to": [
                5.34582,
                6.87096,
                7.25607
            ],
            "rotation": {
                "angle": 22.5,
                "axis": "y",
                "origin": [
                    5.34582,
                    1.87096,
                    2.25607
                ]
            },
            "faces": {
                "east": {
                    "uv": [
                        0,
                        6,
                        5,
                        11
                    ],
                    "texture": "#1"
                },
                "west": {
                    "uv": [
                        5,
                        6,
                        0,
                        11
                    ],
                    "texture": "#1"
                }
            }
        },
        {
            "from": [
                6.75,
                13.75,
                2
            ],
            "to": [
                6.76,
                20.75,
                6
            ],
            "rotation": {
                "angle": 0,
                "axis": "y",
                "origin": [
                    6.75,
                    13.75,
                    3
                ]
            },
            "faces": {
                "east": {
                    "uv": [
                        8,
                        0,
                        0,
                        14
                    ],
                    "texture": "#4"
                },
                "west": {
                    "uv": [
                        0,
                        0,
                        8,
                        14
                    ],
                    "texture": "#4"
                }
            }
        },
        {
            "from": [
                9.5,
                13.25,
                5.25
            ],
            "to": [
                9.5,
                19.25,
                8.25
            ],
            "rotation": {
                "angle": 0,
                "axis": "y",
                "origin": [
                    9.5,
                    13.25,
                    5.25
                ]
            },
            "faces": {
                "east": {
                    "uv": [
                        16,
                        0,
                        10,
                        12
                    ],
                    "texture": "#4"
                },
                "west": {
                    "uv": [
                        10,
                        0,
                        16,
                        12
                    ],
                    "texture": "#4"
                }
            }
        },
        {
            "from": [
                9.3675,
                0.75,
                2
            ],
            "to": [
                9.3775,
                7.75,
                6
            ],
            "rotation": {
                "angle": 0,
                "axis": "y",
                "origin": [
                    9.3775,
                    0.75,
                    3
                ]
            },
            "faces": {
                "east": {
                    "uv": [
                        8,
                        0,
                        0,
                        14
                    ],
                    "texture": "#4"
                },
                "west": {
                    "uv": [
                        0,
                        0,
                        8,
                        14
                    ],
                    "texture": "#4"
                }
            }
        },
        {
            "from": [
                6.6275,
                0.25,
                7.25
            ],
            "to": [
                6.6275,
                6.25,
                10.25
            ],
            "rotation": {
                "angle": 0,
                "axis": "y",
                "origin": [
                    6.6275,
                    0.25,
                    7.25
                ]
            },
            "faces": {
                "east": {
                    "uv": [
                        16,
                        0,
                        10,
                        12
                    ],
                    "texture": "#4"
                },
                "west": {
                    "uv": [
                        10,
                        0,
                        16,
                        12
                    ],
                    "texture": "#4"
                }
            }
        }
    ],
    "gui_light": "front",
    "display": {
        "thirdperson_righthand": {
            "translation": [
                0,
                -2,
                0.75
            ]
        },
        "thirdperson_lefthand": {
            "translation": [
                0,
                -2,
                0.75
            ]
        },
        "firstperson_righthand": {
            "rotation": [
                17.27,
                4.91,
                -0.35
            ],
            "translation": [
                4,
                3.5,
                -2.25
            ],
            "scale": [
                0.7,
                0.7,
                0.7
            ]
        },
        "firstperson_lefthand": {
            "rotation": [
                17.54,
                -35,
                -2.27
            ],
            "translation": [
                5.75,
                2.4,
                0.9
            ],
            "scale": [
                0.7,
                0.7,
                0.7
            ]
        },
        "ground": {
            "rotation": [
                45,
                0,
                0
            ],
            "translation": [
                0,
                5,
                0
            ],
            "scale": [
                0.7,
                0.7,
                0.7
            ]
        },
        "gui": {
            "rotation": [
                -90,
                135,
                90
            ],
            "translation": [
                -1.5,
                1.5,
                0
            ]
        },
        "head": {
            "rotation": [
                0,
                -90,
                0
            ]
        },
        "fixed": {
            "rotation": [
                0,
                -90,
                0
            ],
            "translation": [
                0,
                0,
                -2.25
            ],
            "scale": [
                2,
                2,
                2
            ]
        }
    },
    "groups": [
        {
            "name": "bow",
            "origin": [
                8,
                8,
                5.25
            ],
            "color": 0,
            "children": [
                0,
                1,
                2,
                3,
                4,
                5,
                6,
                7,
                8,
                9,
                10,
                11,
                12,
                13,
                14,
                15,
                16,
                17,
                18,
                19,
                20,
                21,
                22,
                23,
                24,
                25,
                {
                    "name": "coral_and_animated",
                    "origin": [
                        26,
                        9.5,
                        8
                    ],
                    "color": 0,
                    "children": [
                        26,
                        27,
                        28,
                        29,
                        30,
                        31,
                        32,
                        33
                    ]
                }
            ]
        }
    ],
    "USER": "{{USER}}",
    "NONCE": "{{NONCE}}",
    "TIMESTAMP": "{{TIMESTAMP}}",
    "RESOURCE": "{{RESOURCE}}",
    "MCMODELS": "{{MCMODELS}}"
}