{
    "credit": "Pologony Creation Co.,Ltd.",
    "textures": {
        "1": "minewave:item/coral_summer/coral",
        "4": "minewave:item/coral_summer/animated/bubble_1",
        "5": "minewave:item/coral_summer/animated/animated_1",
        "8": "minewave:item/coral_summer/weapons_tools",
        "particle": "minewave:item/coral_summer/coral"
    },
    "elements": [
        {
            "from": [
                14.88074,
                8.40914,
                2.96211
            ],
            "to": [
                16.38074,
                9.40214,
                3.96211
            ],
            "rotation": {
                "angle": -22.5,
                "axis": "y",
                "origin": [
                    12.5,
                    8.90564,
                    1.78543
                ]
            },
            "faces": {
                "north": {
                    "uv": [
                        9.27273,
                        14.36364,
                        9.45455,
                        14.63636
                    ],
                    "rotation": 270,
                    "texture": "#8"
                },
                "east": {
                    "uv": [
                        14.72727,
                        3.27273,
                        14.90909,
                        3.09091
                    ],
                    "rotation": 90,
                    "texture": "#8"
                },
                "south": {
                    "uv": [
                        9.63636,
                        14.36364,
                        9.81818,
                        14.63636
                    ],
                    "rotation": 90,
                    "texture": "#8"
                },
                "up": {
                    "uv": [
                        10.54545,
                        14.36364,
                        10.72727,
                        14.63636
                    ],
                    "rotation": 90,
                    "texture": "#8"
                },
                "down": {
                    "uv": [
                        14.36364,
                        9.45455,
                        14.54545,
                        9.72727
                    ],
                    "rotation": 90,
                    "texture": "#8"
                }
            }
        },
        {
            "from": [
                14.38074,
                8.40914,
                2.46211
            ],
            "to": [
                14.88074,
                9.40214,
                3.96211
            ],
            "rotation": {
                "angle": -22.5,
                "axis": "y",
                "origin": [
                    12.5,
                    8.90564,
                    1.78543
                ]
            },
            "faces": {
                "north": {
                    "uv": [
                        15.09091,
                        3.45455,
                        15.27273,
                        3.54545
                    ],
                    "rotation": 270,
                    "texture": "#8"
                },
                "east": {
                    "uv": [
                        8.90909,
                        14.36364,
                        9.09091,
                        14.63636
                    ],
                    "rotation": 90,
                    "texture": "#8"
                },
                "south": {
                    "uv": [
                        15.09091,
                        3.81818,
                        15.27273,
                        3.90909
                    ],
                    "rotation": 90,
                    "texture": "#8"
                },
                "west": {
                    "uv": [
                        14.36364,
                        8.90909,
                        14.54545,
                        9.18182
                    ],
                    "rotation": 90,
                    "texture": "#8"
                },
                "up": {
                    "uv": [
                        8.90909,
                        14.90909,
                        9.18182,
                        15
                    ],
                    "rotation": 90,
                    "texture": "#8"
                },
                "down": {
                    "uv": [
                        14.90909,
                        8.54545,
                        15.18182,
                        8.63636
                    ],
                    "rotation": 90,
                    "texture": "#8"
                }
            }
        },
        {
            "from": [
                15.38074,
                8.15914,
                1.96211
            ],
            "to": [
                16.38074,
                9.65214,
                2.96211
            ],
            "rotation": {
                "angle": -22.5,
                "axis": "y",
                "origin": [
                    12.5,
                    8.90564,
                    1.78543
                ]
            },
            "faces": {
                "east": {
                    "uv": [
                        8.36364,
                        14.36364,
                        8.63636,
                        14.54545
                    ],
                    "rotation": 90,
                    "texture": "#8"
                },
                "south": {
                    "uv": [
                        14.36364,
                        7.81818,
                        14.63636,
                        8
                    ],
                    "rotation": 90,
                    "texture": "#8"
                },
                "west": {
                    "uv": [
                        14.36364,
                        8.54545,
                        14.63636,
                        8.72727
                    ],
                    "rotation": 90,
                    "texture": "#8"
                },
                "up": {
                    "uv": [
                        14.72727,
                        2.36364,
                        14.90909,
                        2.54545
                    ],
                    "rotation": 90,
                    "texture": "#8"
                },
                "down": {
                    "uv": [
                        14.72727,
                        2,
                        14.90909,
                        2.18182
                    ],
                    "rotation": 90,
                    "texture": "#8"
                }
            }
        },
        {
            "from": [
                13.21292,
                8.15564,
                -0.63668
            ],
            "to": [
                14.71292,
                9.65564,
                2.36332
            ],
            "rotation": {
                "angle": 45,
                "axis": "y",
                "origin": [
                    12.5,
                    8.90564,
                    1.78543
                ]
            },
            "faces": {
                "east": {
                    "uv": [
                        12.72727,
                        11.81818,
                        13,
                        11.27273
                    ],
                    "rotation": 90,
                    "texture": "#8"
                },
                "south": {
                    "uv": [
                        14,
                        0,
                        14.27273,
                        0.27273
                    ],
                    "rotation": 90,
                    "texture": "#8"
                },
                "west": {
                    "uv": [
                        12.72727,
                        12,
                        13,
                        12.54545
                    ],
                    "rotation": 90,
                    "texture": "#8"
                },
                "up": {
                    "uv": [
                        12.72727,
                        10.72727,
                        13.27273,
                        11
                    ],
                    "rotation": 90,
                    "texture": "#8"
                },
                "down": {
                    "uv": [
                        12.72727,
                        8.36364,
                        13.27273,
                        8.63636
                    ],
                    "rotation": 90,
                    "texture": "#8"
                }
            }
        },
        {
            "from": [
                13.88074,
                8.15914,
                0.96211
            ],
            "to": [
                16.38074,
                9.65214,
                1.96211
            ],
            "rotation": {
                "angle": -22.5,
                "axis": "y",
                "origin": [
                    12.5,
                    8.90564,
                    1.78543
                ]
            },
            "faces": {
                "north": {
                    "uv": [
                        13.27273,
                        8.90909,
                        13.54545,
                        9.36364
                    ],
                    "rotation": 270,
                    "texture": "#8"
                },
                "east": {
                    "uv": [
                        14.36364,
                        7.63636,
                        14.63636,
                        7.45455
                    ],
                    "rotation": 90,
                    "texture": "#8"
                },
                "south": {
                    "uv": [
                        9.27273,
                        13.27273,
                        9.54545,
                        13.72727
                    ],
                    "rotation": 90,
                    "texture": "#8"
                },
                "up": {
                    "uv": [
                        3.27273,
                        13.63636,
                        3.45455,
                        14.09091
                    ],
                    "rotation": 90,
                    "texture": "#8"
                },
                "down": {
                    "uv": [
                        6.18182,
                        13.45455,
                        6.36364,
                        13.90909
                    ],
                    "rotation": 90,
                    "texture": "#8"
                }
            }
        },
        {
            "from": [
                12.83075,
                8.15914,
                -0.03789
            ],
            "to": [
                13.88075,
                9.65214,
                1.96211
            ],
            "rotation": {
                "angle": -22.5,
                "axis": "y",
                "origin": [
                    12.5,
                    8.90564,
                    1.78543
                ]
            },
            "faces": {
                "east": {
                    "uv": [
                        8.54545,
                        13.81818,
                        8.81818,
                        13.45455
                    ],
                    "rotation": 90,
                    "texture": "#8"
                },
                "south": {
                    "uv": [
                        7.27273,
                        14.36364,
                        7.54545,
                        14.54545
                    ],
                    "rotation": 90,
                    "texture": "#8"
                },
                "west": {
                    "uv": [
                        13.45455,
                        10.54545,
                        13.72727,
                        10.90909
                    ],
                    "rotation": 90,
                    "texture": "#8"
                },
                "up": {
                    "uv": [
                        14,
                        10.72727,
                        14.36364,
                        10.90909
                    ],
                    "rotation": 90,
                    "texture": "#8"
                },
                "down": {
                    "uv": [
                        10.54545,
                        14,
                        10.90909,
                        14.18182
                    ],
                    "rotation": 90,
                    "texture": "#8"
                }
            }
        },
        {
            "from": [
                8.57789,
                8.15564,
                -0.42748
            ],
            "to": [
                10.07789,
                9.65564,
                2.57252
            ],
            "rotation": {
                "angle": -45,
                "axis": "y",
                "origin": [
                    12.5,
                    8.90564,
                    1.78543
                ]
            },
            "faces": {
                "north": {
                    "uv": [
                        0,
                        14,
                        0.27273,
                        14.27273
                    ],
                    "rotation": 270,
                    "texture": "#8"
                },
                "east": {
                    "uv": [
                        0,
                        13.27273,
                        0.27273,
                        12.72727
                    ],
                    "rotation": 90,
                    "texture": "#8"
                },
                "west": {
                    "uv": [
                        12.72727,
                        7.63636,
                        13,
                        8.18182
                    ],
                    "rotation": 90,
                    "texture": "#8"
                },
                "up": {
                    "uv": [
                        12.72727,
                        7.09091,
                        13.27273,
                        7.36364
                    ],
                    "rotation": 90,
                    "texture": "#8"
                },
                "down": {
                    "uv": [
                        12.72727,
                        6.54545,
                        13.27273,
                        6.81818
                    ],
                    "rotation": 90,
                    "texture": "#8"
                }
            }
        },
        {
            "from": [
                8.43665,
                7.65564,
                0.87501
            ],
            "to": [
                10.43665,
                10.15564,
                2.87501
            ],
            "rotation": {
                "angle": -22.5,
                "axis": "y",
                "origin": [
                    12.5,
                    8.90564,
                    1.78543
                ]
            },
            "faces": {
                "north": {
                    "uv": [
                        8.90909,
                        4.54545,
                        9.36364,
                        4.90909
                    ],
                    "rotation": 270,
                    "texture": "#8"
                },
                "east": {
                    "uv": [
                        12.54545,
                        9.45455,
                        13,
                        9.09091
                    ],
                    "rotation": 90,
                    "texture": "#8"
                },
                "south": {
                    "uv": [
                        7.45455,
                        12.54545,
                        7.90909,
                        12.90909
                    ],
                    "rotation": 90,
                    "texture": "#8"
                },
                "west": {
                    "uv": [
                        12.54545,
                        9.63636,
                        13,
                        10
                    ],
                    "rotation": 90,
                    "texture": "#8"
                },
                "up": {
                    "uv": [
                        13.27273,
                        7.63636,
                        13.63636,
                        8
                    ],
                    "rotation": 90,
                    "texture": "#8"
                },
                "down": {
                    "uv": [
                        2,
                        13.27273,
                        2.36364,
                        13.63636
                    ],
                    "rotation": 90,
                    "texture": "#8"
                }
            }
        },
        {
            "from": [
                5.56335,
                7.65564,
                0.87501
            ],
            "to": [
                7.56335,
                10.15564,
                2.87501
            ],
            "rotation": {
                "angle": 22.5,
                "axis": "y",
                "origin": [
                    3.5,
                    8.90564,
                    1.78543
                ]
            },
            "faces": {
                "north": {
                    "uv": [
                        8.90909,
                        4.90909,
                        9.36364,
                        4.54545
                    ],
                    "rotation": 270,
                    "texture": "#8"
                },
                "east": {
                    "uv": [
                        12.54545,
                        10,
                        13,
                        9.63636
                    ],
                    "rotation": 90,
                    "texture": "#8"
                },
                "south": {
                    "uv": [
                        7.45455,
                        12.90909,
                        7.90909,
                        12.54545
                    ],
                    "rotation": 90,
                    "texture": "#8"
                },
                "west": {
                    "uv": [
                        12.54545,
                        9.09091,
                        13,
                        9.45455
                    ],
                    "rotation": 90,
                    "texture": "#8"
                },
                "up": {
                    "uv": [
                        13.27273,
                        8,
                        13.63636,
                        7.63636
                    ],
                    "rotation": 90,
                    "texture": "#8"
                },
                "down": {
                    "uv": [
                        2,
                        13.63636,
                        2.36364,
                        13.27273
                    ],
                    "rotation": 90,
                    "texture": "#8"
                }
            }
        },
        {
            "from": [
                5.92211,
                8.15564,
                -0.42748
            ],
            "to": [
                7.42211,
                9.65564,
                2.57252
            ],
            "rotation": {
                "angle": 45,
                "axis": "y",
                "origin": [
                    3.5,
                    8.90564,
                    1.78543
                ]
            },
            "faces": {
                "north": {
                    "uv": [
                        0,
                        14.27273,
                        0.27273,
                        14
                    ],
                    "rotation": 270,
                    "texture": "#8"
                },
                "east": {
                    "uv": [
                        12.72727,
                        8.18182,
                        13,
                        7.63636
                    ],
                    "rotation": 90,
                    "texture": "#8"
                },
                "west": {
                    "uv": [
                        0,
                        12.72727,
                        0.27273,
                        13.27273
                    ],
                    "rotation": 90,
                    "texture": "#8"
                },
                "up": {
                    "uv": [
                        12.72727,
                        7.36364,
                        13.27273,
                        7.09091
                    ],
                    "rotation": 90,
                    "texture": "#8"
                },
                "down": {
                    "uv": [
                        12.72727,
                        6.81818,
                        13.27273,
                        6.54545
                    ],
                    "rotation": 90,
                    "texture": "#8"
                }
            }
        },
        {
            "from": [
                1.28708,
                8.15564,
                -0.63668
            ],
            "to": [
                2.78708,
                9.65564,
                2.36332
            ],
            "rotation": {
                "angle": -45,
                "axis": "y",
                "origin": [
                    3.5,
                    8.90564,
                    1.78543
                ]
            },
            "faces": {
                "east": {
                    "uv": [
                        12.72727,
                        12.54545,
                        13,
                        12
                    ],
                    "rotation": 90,
                    "texture": "#8"
                },
                "south": {
                    "uv": [
                        14,
                        0.27273,
                        14.27273,
                        0
                    ],
                    "rotation": 90,
                    "texture": "#8"
                },
                "west": {
                    "uv": [
                        12.72727,
                        11.27273,
                        13,
                        11.81818
                    ],
                    "rotation": 90,
                    "texture": "#8"
                },
                "up": {
                    "uv": [
                        12.72727,
                        11,
                        13.27273,
                        10.72727
                    ],
                    "rotation": 90,
                    "texture": "#8"
                },
                "down": {
                    "uv": [
                        12.72727,
                        8.63636,
                        13.27273,
                        8.36364
                    ],
                    "rotation": 90,
                    "texture": "#8"
                }
            }
        },
        {
            "from": [
                2.11925,
                8.15914,
                -0.03789
            ],
            "to": [
                3.16925,
                9.65214,
                1.96211
            ],
            "rotation": {
                "angle": 22.5,
                "axis": "y",
                "origin": [
                    3.5,
                    8.90564,
                    1.78543
                ]
            },
            "faces": {
                "east": {
                    "uv": [
                        13.45455,
                        10.90909,
                        13.72727,
                        10.54545
                    ],
                    "rotation": 90,
                    "texture": "#8"
                },
                "south": {
                    "uv": [
                        7.27273,
                        14.54545,
                        7.54545,
                        14.36364
                    ],
                    "rotation": 90,
                    "texture": "#8"
                },
                "west": {
                    "uv": [
                        8.54545,
                        13.45455,
                        8.81818,
                        13.81818
                    ],
                    "rotation": 90,
                    "texture": "#8"
                },
                "up": {
                    "uv": [
                        14,
                        10.90909,
                        14.36364,
                        10.72727
                    ],
                    "rotation": 90,
                    "texture": "#8"
                },
                "down": {
                    "uv": [
                        10.54545,
                        14.18182,
                        10.90909,
                        14
                    ],
                    "rotation": 90,
                    "texture": "#8"
                }
            }
        },
        {
            "from": [
                -0.38074,
                8.15914,
                0.96211
            ],
            "to": [
                2.11926,
                9.65214,
                1.96211
            ],
            "rotation": {
                "angle": 22.5,
                "axis": "y",
                "origin": [
                    3.5,
                    8.90564,
                    1.78543
                ]
            },
            "faces": {
                "north": {
                    "uv": [
                        13.27273,
                        9.36364,
                        13.54545,
                        8.90909
                    ],
                    "rotation": 270,
                    "texture": "#8"
                },
                "south": {
                    "uv": [
                        9.27273,
                        13.72727,
                        9.54545,
                        13.27273
                    ],
                    "rotation": 90,
                    "texture": "#8"
                },
                "west": {
                    "uv": [
                        14.36364,
                        7.45455,
                        14.63636,
                        7.63636
                    ],
                    "rotation": 90,
                    "texture": "#8"
                },
                "up": {
                    "uv": [
                        3.27273,
                        14.09091,
                        3.45455,
                        13.63636
                    ],
                    "rotation": 90,
                    "texture": "#8"
                },
                "down": {
                    "uv": [
                        6.18182,
                        13.90909,
                        6.36364,
                        13.45455
                    ],
                    "rotation": 90,
                    "texture": "#8"
                }
            }
        },
        {
            "from": [
                -0.38074,
                8.40914,
                2.96211
            ],
            "to": [
                1.11926,
                9.40214,
                3.96211
            ],
            "rotation": {
                "angle": 22.5,
                "axis": "y",
                "origin": [
                    3.5,
                    8.90564,
                    1.78543
                ]
            },
            "faces": {
                "north": {
                    "uv": [
                        9.27273,
                        14.63636,
                        9.45455,
                        14.36364
                    ],
                    "rotation": 270,
                    "texture": "#8"
                },
                "south": {
                    "uv": [
                        9.63636,
                        14.63636,
                        9.81818,
                        14.36364
                    ],
                    "rotation": 90,
                    "texture": "#8"
                },
                "west": {
                    "uv": [
                        14.72727,
                        3.09091,
                        14.90909,
                        3.27273
                    ],
                    "rotation": 90,
                    "texture": "#8"
                },
                "up": {
                    "uv": [
                        10.54545,
                        14.63636,
                        10.72727,
                        14.36364
                    ],
                    "rotation": 90,
                    "texture": "#8"
                },
                "down": {
                    "uv": [
                        14.36364,
                        9.72727,
                        14.54545,
                        9.45455
                    ],
                    "rotation": 90,
                    "texture": "#8"
                }
            }
        },
        {
            "from": [
                1.11926,
                8.40914,
                2.46211
            ],
            "to": [
                1.61926,
                9.40214,
                3.96211
            ],
            "rotation": {
                "angle": 22.5,
                "axis": "y",
                "origin": [
                    3.5,
                    8.90564,
                    1.78543
                ]
            },
            "faces": {
                "north": {
                    "uv": [
                        15.09091,
                        3.54545,
                        15.27273,
                        3.45455
                    ],
                    "rotation": 270,
                    "texture": "#8"
                },
                "east": {
                    "uv": [
                        14.36364,
                        9.18182,
                        14.54545,
                        8.90909
                    ],
                    "rotation": 90,
                    "texture": "#8"
                },
                "south": {
                    "uv": [
                        15.09091,
                        3.90909,
                        15.27273,
                        3.81818
                    ],
                    "rotation": 90,
                    "texture": "#8"
                },
                "west": {
                    "uv": [
                        8.90909,
                        14.63636,
                        9.09091,
                        14.36364
                    ],
                    "rotation": 90,
                    "texture": "#8"
                },
                "up": {
                    "uv": [
                        8.90909,
                        15,
                        9.18182,
                        14.90909
                    ],
                    "rotation": 90,
                    "texture": "#8"
                },
                "down": {
                    "uv": [
                        14.90909,
                        8.63636,
                        15.18182,
                        8.54545
                    ],
                    "rotation": 90,
                    "texture": "#8"
                }
            }
        },
        {
            "from": [
                -0.38074,
                8.15914,
                1.96211
            ],
            "to": [
                0.61926,
                9.65214,
                2.96211
            ],
            "rotation": {
                "angle": 22.5,
                "axis": "y",
                "origin": [
                    3.5,
                    8.90564,
                    1.78543
                ]
            },
            "faces": {
                "east": {
                    "uv": [
                        14.36364,
                        8.72727,
                        14.63636,
                        8.54545
                    ],
                    "rotation": 90,
                    "texture": "#8"
                },
                "south": {
                    "uv": [
                        14.36364,
                        8,
                        14.63636,
                        7.81818
                    ],
                    "rotation": 90,
                    "texture": "#8"
                },
                "west": {
                    "uv": [
                        8.36364,
                        14.54545,
                        8.63636,
                        14.36364
                    ],
                    "rotation": 90,
                    "texture": "#8"
                },
                "up": {
                    "uv": [
                        14.72727,
                        2.54545,
                        14.90909,
                        2.36364
                    ],
                    "rotation": 90,
                    "texture": "#8"
                },
                "down": {
                    "uv": [
                        14.72727,
                        2.18182,
                        14.90909,
                        2
                    ],
                    "rotation": 90,
                    "texture": "#8"
                }
            }
        },
        {
            "from": [
                2,
                9,
                3.25
            ],
            "to": [
                14,
                9.01,
                8.75
            ],
            "rotation": {
                "angle": 0,
                "axis": "y",
                "origin": [
                    8,
                    9,
                    6
                ]
            },
            "faces": {
                "up": {
                    "uv": [
                        8.72727,
                        4.81818,
                        6.54545,
                        3.81818
                    ],
                    "texture": "#8"
                },
                "down": {
                    "uv": [
                        8.72727,
                        3.81818,
                        6.54545,
                        4.81818
                    ],
                    "texture": "#8"
                }
            }
        },
        {
            "from": [
                6.75,
                9,
                -3.75
            ],
            "to": [
                9.25,
                9.03,
                8.25
            ],
            "rotation": {
                "angle": 0,
                "axis": "y",
                "origin": [
                    8,
                    9.015,
                    2.25
                ]
            },
            "faces": {
                "up": {
                    "uv": [
                        3.72727,
                        12.18182,
                        3.27273,
                        10
                    ],
                    "texture": "#8"
                },
                "down": {
                    "uv": [
                        3.72727,
                        10,
                        3.27273,
                        12.18182
                    ],
                    "texture": "#8"
                }
            }
        },
        {
            "from": [
                7.985,
                7.765,
                -3.75
            ],
            "to": [
                8.015,
                10.265,
                8.25
            ],
            "rotation": {
                "angle": 0,
                "axis": "y",
                "origin": [
                    8,
                    9.015,
                    2.25
                ]
            },
            "faces": {
                "east": {
                    "uv": [
                        3.72727,
                        10,
                        3.27273,
                        12.18182
                    ],
                    "rotation": 270,
                    "texture": "#8"
                },
                "west": {
                    "uv": [
                        3.72727,
                        12.18182,
                        3.27273,
                        10
                    ],
                    "rotation": 270,
                    "texture": "#8"
                }
            }
        },
        {
            "from": [
                7,
                7.5,
                0
            ],
            "to": [
                9,
                8.5,
                10
            ],
            "rotation": {
                "angle": 0,
                "axis": "y",
                "origin": [
                    7,
                    7.5,
                    0
                ]
            },
            "faces": {
                "north": {
                    "uv": [
                        11.81818,
                        14,
                        12.18182,
                        14.18182
                    ],
                    "texture": "#8"
                },
                "east": {
                    "uv": [
                        11.09091,
                        5.27273,
                        12.90909,
                        5.45455
                    ],
                    "texture": "#8"
                },
                "west": {
                    "uv": [
                        11.09091,
                        5.63636,
                        12.90909,
                        5.81818
                    ],
                    "texture": "#8"
                },
                "up": {
                    "uv": [
                        1.45455,
                        12,
                        1.09091,
                        10.18182
                    ],
                    "texture": "#8"
                },
                "down": {
                    "uv": [
                        9.09091,
                        10.18182,
                        8.72727,
                        12
                    ],
                    "texture": "#8"
                }
            }
        },
        {
            "from": [
                7.25,
                6.5,
                0.5
            ],
            "to": [
                8.75,
                7.5,
                10
            ],
            "rotation": {
                "angle": 0,
                "axis": "y",
                "origin": [
                    7,
                    6.5,
                    0
                ]
            },
            "faces": {
                "north": {
                    "uv": [
                        14.36364,
                        10,
                        14.63636,
                        10.18182
                    ],
                    "texture": "#8"
                },
                "east": {
                    "uv": [
                        11.45455,
                        0,
                        13.18182,
                        0.18182
                    ],
                    "texture": "#8"
                },
                "west": {
                    "uv": [
                        11.45455,
                        0.36364,
                        13.18182,
                        0.54545
                    ],
                    "texture": "#8"
                },
                "down": {
                    "uv": [
                        3,
                        11.09091,
                        2.72727,
                        12.81818
                    ],
                    "texture": "#8"
                }
            }
        },
        {
            "from": [
                7,
                7.5,
                13
            ],
            "to": [
                9,
                8.5,
                16
            ],
            "rotation": {
                "angle": 0,
                "axis": "y",
                "origin": [
                    7,
                    7.5,
                    13
                ]
            },
            "faces": {
                "east": {
                    "uv": [
                        13.45455,
                        7.27273,
                        14,
                        7.45455
                    ],
                    "texture": "#8"
                },
                "south": {
                    "uv": [
                        12.36364,
                        14,
                        12.72727,
                        14.18182
                    ],
                    "texture": "#8"
                },
                "west": {
                    "uv": [
                        2.54545,
                        13.63636,
                        3.09091,
                        13.81818
                    ],
                    "texture": "#8"
                },
                "up": {
                    "uv": [
                        12.54545,
                        4.90909,
                        12.18182,
                        4.36364
                    ],
                    "texture": "#8"
                },
                "down": {
                    "uv": [
                        12.54545,
                        7.45455,
                        12.18182,
                        8
                    ],
                    "texture": "#8"
                }
            }
        },
        {
            "from": [
                7.25,
                6.5,
                13
            ],
            "to": [
                8.75,
                7.5,
                16
            ],
            "rotation": {
                "angle": 0,
                "axis": "y",
                "origin": [
                    7,
                    6.5,
                    13
                ]
            },
            "faces": {
                "east": {
                    "uv": [
                        2.54545,
                        8.18182,
                        3.09091,
                        8.36364
                    ],
                    "texture": "#8"
                },
                "south": {
                    "uv": [
                        11.81818,
                        14.36364,
                        12.09091,
                        14.54545
                    ],
                    "texture": "#8"
                },
                "west": {
                    "uv": [
                        0,
                        8.72727,
                        0.54545,
                        8.90909
                    ],
                    "texture": "#8"
                },
                "up": {
                    "uv": [
                        13,
                        13.27273,
                        12.72727,
                        12.72727
                    ],
                    "texture": "#8"
                },
                "down": {
                    "uv": [
                        13.18182,
                        1.45455,
                        12.90909,
                        2
                    ],
                    "texture": "#8"
                }
            }
        },
        {
            "from": [
                7.25,
                5,
                14.5
            ],
            "to": [
                8.75,
                6.5,
                20
            ],
            "rotation": {
                "angle": 0,
                "axis": "y",
                "origin": [
                    7,
                    5.5,
                    13
                ]
            },
            "faces": {
                "north": {
                    "uv": [
                        14,
                        0.54545,
                        14.27273,
                        0.81818
                    ],
                    "texture": "#8"
                },
                "east": {
                    "uv": [
                        7.45455,
                        11.27273,
                        8.45455,
                        11.54545
                    ],
                    "texture": "#8"
                },
                "south": {
                    "uv": [
                        14,
                        1.09091,
                        14.27273,
                        1.36364
                    ],
                    "texture": "#8"
                },
                "west": {
                    "uv": [
                        11.45455,
                        2.54545,
                        12.45455,
                        2.81818
                    ],
                    "texture": "#8"
                },
                "up": {
                    "uv": [
                        0.81818,
                        12.27273,
                        0.54545,
                        11.27273
                    ],
                    "texture": "#8"
                },
                "down": {
                    "uv": [
                        11.72727,
                        9.27273,
                        11.45455,
                        10.27273
                    ],
                    "texture": "#8"
                }
            }
        },
        {
            "from": [
                7.75,
                6.5,
                16
            ],
            "to": [
                8.25,
                7,
                20
            ],
            "rotation": {
                "angle": 0,
                "axis": "y",
                "origin": [
                    7,
                    7,
                    13
                ]
            },
            "faces": {
                "north": {
                    "uv": [
                        5.81818,
                        15.09091,
                        5.90909,
                        15.18182
                    ],
                    "texture": "#8"
                },
                "east": {
                    "uv": [
                        14.18182,
                        2.72727,
                        14.90909,
                        2.81818
                    ],
                    "texture": "#8"
                },
                "south": {
                    "uv": [
                        15.09091,
                        6,
                        15.18182,
                        6.09091
                    ],
                    "texture": "#8"
                },
                "west": {
                    "uv": [
                        14.18182,
                        7.09091,
                        14.90909,
                        7.18182
                    ],
                    "texture": "#8"
                },
                "up": {
                    "uv": [
                        13,
                        14.72727,
                        12.90909,
                        14
                    ],
                    "texture": "#8"
                },
                "down": {
                    "uv": [
                        3.72727,
                        14.18182,
                        3.63636,
                        14.90909
                    ],
                    "texture": "#8"
                }
            }
        },
        {
            "from": [
                7.25,
                4,
                20
            ],
            "to": [
                8.75,
                7.5,
                20.5
            ],
            "rotation": {
                "angle": 0,
                "axis": "y",
                "origin": [
                    7,
                    5.5,
                    18.5
                ]
            },
            "faces": {
                "north": {
                    "uv": [
                        5.63636,
                        12.54545,
                        5.90909,
                        13.18182
                    ],
                    "texture": "#8"
                },
                "east": {
                    "uv": [
                        11.45455,
                        14.18182,
                        11.54545,
                        14.81818
                    ],
                    "texture": "#8"
                },
                "south": {
                    "uv": [
                        6.90909,
                        12.54545,
                        7.18182,
                        13.18182
                    ],
                    "texture": "#8"
                },
                "west": {
                    "uv": [
                        13.27273,
                        14.18182,
                        13.36364,
                        14.81818
                    ],
                    "texture": "#8"
                },
                "up": {
                    "uv": [
                        9.72727,
                        15,
                        9.45455,
                        14.90909
                    ],
                    "texture": "#8"
                },
                "down": {
                    "uv": [
                        15.18182,
                        10,
                        14.90909,
                        10.09091
                    ],
                    "texture": "#8"
                }
            }
        },
        {
            "from": [
                6.75,
                6,
                10
            ],
            "to": [
                9.25,
                9,
                13
            ],
            "rotation": {
                "angle": 0,
                "axis": "y",
                "origin": [
                    7,
                    6.5,
                    10
                ]
            },
            "faces": {
                "north": {
                    "uv": [
                        10,
                        6,
                        10.45455,
                        6.54545
                    ],
                    "texture": "#8"
                },
                "east": {
                    "uv": [
                        2.54545,
                        7.45455,
                        3.09091,
                        8
                    ],
                    "texture": "#8"
                },
                "south": {
                    "uv": [
                        11.63636,
                        1.81818,
                        12.09091,
                        2.36364
                    ],
                    "texture": "#8"
                },
                "west": {
                    "uv": [
                        1.81818,
                        9.09091,
                        2.36364,
                        9.63636
                    ],
                    "texture": "#8"
                },
                "up": {
                    "uv": [
                        12.09091,
                        6.54545,
                        11.63636,
                        6
                    ],
                    "texture": "#8"
                },
                "down": {
                    "uv": [
                        12.09091,
                        6.72727,
                        11.63636,
                        7.27273
                    ],
                    "texture": "#8"
                }
            }
        },
        {
            "from": [
                7.5,
                8.5,
                8
            ],
            "to": [
                8.5,
                10,
                10
            ],
            "rotation": {
                "angle": 22.5,
                "axis": "x",
                "origin": [
                    7.5,
                    8.5,
                    8
                ]
            },
            "faces": {
                "north": {
                    "uv": [
                        12.36364,
                        14.36364,
                        12.54545,
                        14.63636
                    ],
                    "texture": "#8"
                },
                "east": {
                    "uv": [
                        12.72727,
                        13.45455,
                        13.09091,
                        13.72727
                    ],
                    "texture": "#8"
                },
                "south": {
                    "uv": [
                        14.36364,
                        12.54545,
                        14.54545,
                        12.81818
                    ],
                    "texture": "#8"
                },
                "west": {
                    "uv": [
                        13.63636,
                        2.72727,
                        14,
                        3
                    ],
                    "texture": "#8"
                },
                "up": {
                    "uv": [
                        6.36364,
                        14.54545,
                        6.18182,
                        14.18182
                    ],
                    "texture": "#8"
                },
                "down": {
                    "uv": [
                        8.18182,
                        14.18182,
                        8,
                        14.54545
                    ],
                    "texture": "#8"
                }
            }
        },
        {
            "from": [
                8.76105,
                6.25,
                11.31423
            ],
            "to": [
                13.76105,
                11.25,
                11.32423
            ],
            "rotation": {
                "angle": 22.5,
                "axis": "y",
                "origin": [
                    8.35566,
                    8.875,
                    11.625
                ]
            },
            "faces": {
                "north": {
                    "uv": [
                        0,
                        0,
                        5,
                        5
                    ],
                    "texture": "#1"
                },
                "south": {
                    "uv": [
                        5,
                        0,
                        0,
                        5
                    ],
                    "texture": "#1"
                }
            }
        },
        {
            "from": [
                2.21931,
                6.25,
                11.4099
            ],
            "to": [
                7.21931,
                11.25,
                11.4199
            ],
            "rotation": {
                "angle": -22.5,
                "axis": "y",
                "origin": [
                    7.85566,
                    8.875,
                    11.625
                ]
            },
            "faces": {
                "north": {
                    "uv": [
                        0,
                        6,
                        5,
                        11
                    ],
                    "texture": "#1"
                },
                "south": {
                    "uv": [
                        5,
                        6,
                        0,
                        11
                    ],
                    "texture": "#1"
                }
            }
        },
        {
            "from": [
                2.30018,
                6.25,
                11.64486
            ],
            "to": [
                7.30018,
                11.25,
                11.65486
            ],
            "rotation": {
                "angle": 22.5,
                "axis": "y",
                "origin": [
                    7.85566,
                    8.875,
                    11.625
                ]
            },
            "faces": {
                "north": {
                    "uv": [
                        5,
                        0,
                        0,
                        5
                    ],
                    "texture": "#1"
                },
                "south": {
                    "uv": [
                        0,
                        0,
                        5,
                        5
                    ],
                    "texture": "#1"
                }
            }
        },
        {
            "from": [
                8.68018,
                6.25,
                11.74053
            ],
            "to": [
                13.68018,
                11.25,
                11.75053
            ],
            "rotation": {
                "angle": -22.5,
                "axis": "y",
                "origin": [
                    8.35566,
                    8.875,
                    11.625
                ]
            },
            "faces": {
                "north": {
                    "uv": [
                        5,
                        6,
                        0,
                        11
                    ],
                    "texture": "#1"
                },
                "south": {
                    "uv": [
                        0,
                        6,
                        5,
                        11
                    ],
                    "texture": "#1"
                }
            }
        },
        {
            "from": [
                9.98066,
                8.25,
                10.26934
            ],
            "to": [
                13.98066,
                15.25,
                10.27934
            ],
            "rotation": {
                "angle": -22.5,
                "axis": "x",
                "origin": [
                    8.10566,
                    11.75,
                    11.64684
                ]
            },
            "faces": {
                "north": {
                    "uv": [
                        0,
                        0,
                        8,
                        14
                    ],
                    "texture": "#4"
                },
                "south": {
                    "uv": [
                        8,
                        0,
                        0,
                        14
                    ],
                    "texture": "#4"
                }
            }
        },
        {
            "from": [
                2.73066,
                8.75,
                13.01934
            ],
            "to": [
                5.73066,
                14.75,
                13.01934
            ],
            "rotation": {
                "angle": -22.5,
                "axis": "x",
                "origin": [
                    8.10566,
                    11.75,
                    11.64684
                ]
            },
            "faces": {
                "north": {
                    "uv": [
                        10,
                        0,
                        16,
                        12
                    ],
                    "texture": "#4"
                },
                "south": {
                    "uv": [
                        16,
                        0,
                        10,
                        12
                    ],
                    "texture": "#4"
                }
            }
        },
        {
            "from": [
                7.97566,
                1.5,
                7.01934
            ],
            "to": [
                7.98566,
                10.5,
                16.01934
            ],
            "rotation": {
                "angle": 45,
                "axis": "z",
                "origin": [
                    7.98066,
                    6,
                    11.51934
                ]
            },
            "faces": {
                "east": {
                    "uv": [
                        0,
                        0,
                        9,
                        9
                    ],
                    "rotation": 270,
                    "texture": "#5"
                },
                "west": {
                    "uv": [
                        9,
                        0,
                        0,
                        9
                    ],
                    "rotation": 90,
                    "texture": "#5"
                }
            }
        },
        {
            "from": [
                7.97566,
                1.5,
                7.01934
            ],
            "to": [
                7.98566,
                10.5,
                16.01934
            ],
            "rotation": {
                "angle": -45,
                "axis": "z",
                "origin": [
                    7.98066,
                    6,
                    11.51934
                ]
            },
            "faces": {
                "east": {
                    "uv": [
                        0,
                        0,
                        9,
                        9
                    ],
                    "rotation": 270,
                    "texture": "#5"
                },
                "west": {
                    "uv": [
                        9,
                        0,
                        0,
                        9
                    ],
                    "rotation": 90,
                    "texture": "#5"
                }
            }
        }
    ],
    "gui_light": "front",
    "display": {
        "thirdperson_righthand": {
            "translation": [
                0,
                1.25,
                -1.25
            ]
        },
        "thirdperson_lefthand": {
            "translation": [
                0,
                1.25,
                -1.25
            ]
        },
        "firstperson_righthand": {
            "rotation": [
                0,
                -10.4,
                0
            ],
            "translation": [
                1.37,
                0.5,
                -1
            ]
        },
        "firstperson_lefthand": {
            "rotation": [
                0,
                -9.4,
                0
            ],
            "translation": [
                1.37,
                0.5,
                -1
            ]
        },
        "ground": {
            "rotation": [
                10,
                0,
                0
            ],
            "translation": [
                0,
                5,
                0
            ],
            "scale": [
                0.7,
                0.7,
                0.7
            ]
        },
        "gui": {
            "rotation": [
                90,
                -46,
                19
            ],
            "translation": [
                0,
                -0.25,
                0
            ],
            "scale": [
                0.95,
                0.95,
                0.95
            ]
        },
        "fixed": {
            "rotation": [
                -90,
                0,
                0
            ],
            "translation": [
                0,
                0,
                -4
            ],
            "scale": [
                2,
                2,
                2
            ]
        }
    },
    "groups": [
        {
            "name": "crossbow",
            "origin": [
                7.5,
                8.5,
                8
            ],
            "color": 0,
            "children": [
                0,
                1,
                2,
                3,
                4,
                5,
                6,
                7,
                8,
                9,
                10,
                11,
                12,
                13,
                14,
                15,
                16,
                17,
                18,
                19,
                20,
                21,
                22,
                23,
                24,
                25,
                26,
                27,
                {
                    "name": "coral_and_animated",
                    "origin": [
                        26,
                        9.5,
                        8
                    ],
                    "color": 0,
                    "children": [
                        28,
                        29,
                        30,
                        31,
                        32,
                        33,
                        34,
                        35
                    ]
                }
            ]
        }
    ]
}