{
    "credit": "Pologony Creation Co.,Ltd.",
    "textures": {
        "1": "minewave:item/coral_summer/coral",
        "4": "minewave:item/coral_summer/animated/bubble_1",
        "5": "minewave:item/coral_summer/animated/animated_1",
        "8": "minewave:item/coral_summer/weapons_tools",
        "particle": "minewave:item/coral_summer/coral"
    },
    "elements": [
        {
            "from": [
                5.64538,
                10.45,
                9.5
            ],
            "to": [
                5.65538,
                15.45,
                14.5
            ],
            "rotation": {
                "angle": -22.5,
                "axis": "y",
                "origin": [
                    5.64538,
                    10.45,
                    14.5
                ]
            },
            "faces": {
                "east": {
                    "uv": [
                        5,
                        6,
                        0,
                        11
                    ],
                    "texture": "#1"
                },
                "west": {
                    "uv": [
                        0,
                        6,
                        5,
                        11
                    ],
                    "texture": "#1"
                }
            }
        },
        {
            "from": [
                10.54538,
                8.75,
                9.5
            ],
            "to": [
                10.55538,
                13.75,
                14.5
            ],
            "rotation": {
                "angle": 22.5,
                "axis": "y",
                "origin": [
                    10.54538,
                    8.75,
                    14.5
                ]
            },
            "faces": {
                "east": {
                    "uv": [
                        0,
                        0,
                        5,
                        5
                    ],
                    "texture": "#1"
                },
                "west": {
                    "uv": [
                        5,
                        0,
                        0,
                        5
                    ],
                    "texture": "#1"
                }
            }
        },
        {
            "from": [
                6.75,
                12.75,
                2
            ],
            "to": [
                6.76,
                19.75,
                6
            ],
            "rotation": {
                "angle": 0,
                "axis": "y",
                "origin": [
                    6.75,
                    12.75,
                    3
                ]
            },
            "faces": {
                "east": {
                    "uv": [
                        8,
                        0,
                        0,
                        14
                    ],
                    "texture": "#4"
                },
                "west": {
                    "uv": [
                        0,
                        0,
                        8,
                        14
                    ],
                    "texture": "#4"
                }
            }
        },
        {
            "from": [
                9.5,
                13.25,
                10.25
            ],
            "to": [
                9.5,
                19.25,
                13.25
            ],
            "rotation": {
                "angle": 0,
                "axis": "y",
                "origin": [
                    9.5,
                    13.25,
                    10.25
                ]
            },
            "faces": {
                "east": {
                    "uv": [
                        16,
                        0,
                        10,
                        12
                    ],
                    "texture": "#4"
                },
                "west": {
                    "uv": [
                        10,
                        0,
                        16,
                        12
                    ],
                    "texture": "#4"
                }
            }
        },
        {
            "from": [
                7.995,
                6,
                3.5
            ],
            "to": [
                8.005,
                15,
                12.5
            ],
            "rotation": {
                "angle": 45,
                "axis": "y",
                "origin": [
                    8,
                    10.5,
                    8
                ]
            },
            "faces": {
                "east": {
                    "uv": [
                        9,
                        0,
                        0,
                        9
                    ],
                    "texture": "#5"
                },
                "west": {
                    "uv": [
                        0,
                        0,
                        9,
                        9
                    ],
                    "texture": "#5"
                }
            }
        },
        {
            "from": [
                7.995,
                6,
                3.5
            ],
            "to": [
                8.005,
                15,
                12.5
            ],
            "rotation": {
                "angle": -45,
                "axis": "y",
                "origin": [
                    8,
                    10.5,
                    8
                ]
            },
            "faces": {
                "east": {
                    "uv": [
                        9,
                        0,
                        0,
                        9
                    ],
                    "texture": "#5"
                },
                "west": {
                    "uv": [
                        0,
                        0,
                        9,
                        9
                    ],
                    "texture": "#5"
                }
            }
        },
        {
            "from": [
                7.25,
                -0.75,
                7.25
            ],
            "to": [
                8.75,
                1.25,
                9.25
            ],
            "rotation": {
                "angle": -45,
                "axis": "x",
                "origin": [
                    7.5,
                    0,
                    8
                ]
            },
            "faces": {
                "north": {
                    "uv": [
                        13.27273,
                        13.09091,
                        13.54545,
                        13.45455
                    ],
                    "texture": "#8"
                },
                "east": {
                    "uv": [
                        6.54545,
                        7.81818,
                        6.90909,
                        8.18182
                    ],
                    "texture": "#8"
                },
                "south": {
                    "uv": [
                        0,
                        13.45455,
                        0.27273,
                        13.81818
                    ],
                    "texture": "#8"
                },
                "west": {
                    "uv": [
                        2.72727,
                        13.09091,
                        3.09091,
                        13.45455
                    ],
                    "texture": "#8"
                },
                "up": {
                    "uv": [
                        13.45455,
                        0.36364,
                        13.72727,
                        0
                    ],
                    "texture": "#8"
                },
                "down": {
                    "uv": [
                        13.45455,
                        0.54545,
                        13.72727,
                        0.90909
                    ],
                    "texture": "#8"
                }
            }
        },
        {
            "from": [
                7.5,
                0.75,
                7.75
            ],
            "to": [
                8.5,
                2.25,
                9.25
            ],
            "rotation": {
                "angle": -45,
                "axis": "x",
                "origin": [
                    7.5,
                    1,
                    8
                ]
            },
            "faces": {
                "north": {
                    "uv": [
                        14.18182,
                        12,
                        14.36364,
                        12.27273
                    ],
                    "texture": "#8"
                },
                "east": {
                    "uv": [
                        13.63636,
                        11.09091,
                        13.90909,
                        11.36364
                    ],
                    "texture": "#8"
                },
                "south": {
                    "uv": [
                        0.54545,
                        14.36364,
                        0.72727,
                        14.63636
                    ],
                    "texture": "#8"
                },
                "west": {
                    "uv": [
                        11.27273,
                        13.63636,
                        11.54545,
                        13.90909
                    ],
                    "texture": "#8"
                },
                "up": {
                    "uv": [
                        1.45455,
                        14.36364,
                        1.63636,
                        14.63636
                    ],
                    "texture": "#8"
                },
                "down": {
                    "uv": [
                        14.36364,
                        1.63636,
                        14.54545,
                        1.90909
                    ],
                    "texture": "#8"
                }
            }
        },
        {
            "from": [
                7.75,
                2.26777,
                7.04289
            ],
            "to": [
                9.25,
                2.76777,
                8.54289
            ],
            "rotation": {
                "angle": -45,
                "axis": "y",
                "origin": [
                    8,
                    2.26777,
                    7.29289
                ]
            },
            "faces": {
                "north": {
                    "uv": [
                        14.72727,
                        4.90909,
                        15,
                        5
                    ],
                    "texture": "#8"
                },
                "east": {
                    "uv": [
                        14.72727,
                        5.27273,
                        15,
                        5.36364
                    ],
                    "texture": "#8"
                },
                "south": {
                    "uv": [
                        7.27273,
                        14.72727,
                        7.54545,
                        14.81818
                    ],
                    "texture": "#8"
                },
                "west": {
                    "uv": [
                        7.81818,
                        14.72727,
                        8.09091,
                        14.81818
                    ],
                    "texture": "#8"
                },
                "up": {
                    "uv": [
                        13.63636,
                        11.63636,
                        13.90909,
                        11.90909
                    ],
                    "texture": "#8"
                },
                "down": {
                    "uv": [
                        13.63636,
                        12.18182,
                        13.90909,
                        12.45455
                    ],
                    "texture": "#8"
                }
            }
        },
        {
            "from": [
                7.75,
                3.26777,
                7.04289
            ],
            "to": [
                9.25,
                3.76777,
                8.54289
            ],
            "rotation": {
                "angle": -45,
                "axis": "y",
                "origin": [
                    8,
                    3.26777,
                    7.29289
                ]
            },
            "faces": {
                "north": {
                    "uv": [
                        8.36364,
                        14.72727,
                        8.63636,
                        14.81818
                    ],
                    "texture": "#8"
                },
                "east": {
                    "uv": [
                        14.72727,
                        8.90909,
                        15,
                        9
                    ],
                    "texture": "#8"
                },
                "south": {
                    "uv": [
                        14.72727,
                        9.27273,
                        15,
                        9.36364
                    ],
                    "texture": "#8"
                },
                "west": {
                    "uv": [
                        14.72727,
                        9.63636,
                        15,
                        9.72727
                    ],
                    "texture": "#8"
                },
                "up": {
                    "uv": [
                        13.27273,
                        13.63636,
                        13.54545,
                        13.90909
                    ],
                    "texture": "#8"
                },
                "down": {
                    "uv": [
                        0.54545,
                        13.81818,
                        0.81818,
                        14.09091
                    ],
                    "texture": "#8"
                }
            }
        },
        {
            "from": [
                8,
                2.76777,
                7.29289
            ],
            "to": [
                9,
                3.26777,
                8.29289
            ],
            "rotation": {
                "angle": -45,
                "axis": "y",
                "origin": [
                    8,
                    2.76777,
                    7.29289
                ]
            },
            "faces": {
                "north": {
                    "uv": [
                        10.36364,
                        14.90909,
                        10.54545,
                        15
                    ],
                    "texture": "#8"
                },
                "east": {
                    "uv": [
                        14.90909,
                        10.36364,
                        15.09091,
                        10.45455
                    ],
                    "texture": "#8"
                },
                "south": {
                    "uv": [
                        10.72727,
                        14.90909,
                        10.90909,
                        15
                    ],
                    "texture": "#8"
                },
                "west": {
                    "uv": [
                        14.90909,
                        10.72727,
                        15.09091,
                        10.81818
                    ],
                    "texture": "#8"
                }
            }
        },
        {
            "from": [
                8,
                6.26777,
                7.29289
            ],
            "to": [
                9,
                6.76777,
                8.29289
            ],
            "rotation": {
                "angle": -45,
                "axis": "y",
                "origin": [
                    8,
                    6.26777,
                    7.29289
                ]
            },
            "faces": {
                "north": {
                    "uv": [
                        14.90909,
                        11.09091,
                        15.09091,
                        11.18182
                    ],
                    "texture": "#8"
                },
                "east": {
                    "uv": [
                        14.90909,
                        11.45455,
                        15.09091,
                        11.54545
                    ],
                    "texture": "#8"
                },
                "south": {
                    "uv": [
                        14.90909,
                        11.81818,
                        15.09091,
                        11.90909
                    ],
                    "texture": "#8"
                },
                "west": {
                    "uv": [
                        14.90909,
                        12.18182,
                        15.09091,
                        12.27273
                    ],
                    "texture": "#8"
                }
            }
        },
        {
            "from": [
                7.75,
                5.76777,
                7.04289
            ],
            "to": [
                9.25,
                6.26777,
                8.54289
            ],
            "rotation": {
                "angle": -45,
                "axis": "y",
                "origin": [
                    8,
                    5.76777,
                    7.29289
                ]
            },
            "faces": {
                "north": {
                    "uv": [
                        11.81818,
                        14.72727,
                        12.09091,
                        14.81818
                    ],
                    "texture": "#8"
                },
                "east": {
                    "uv": [
                        14.72727,
                        12.54545,
                        15,
                        12.63636
                    ],
                    "texture": "#8"
                },
                "south": {
                    "uv": [
                        14.72727,
                        12.90909,
                        15,
                        13
                    ],
                    "texture": "#8"
                },
                "west": {
                    "uv": [
                        14.72727,
                        13.27273,
                        15,
                        13.36364
                    ],
                    "texture": "#8"
                },
                "up": {
                    "uv": [
                        1.45455,
                        13.81818,
                        1.72727,
                        14.09091
                    ],
                    "texture": "#8"
                },
                "down": {
                    "uv": [
                        2,
                        13.81818,
                        2.27273,
                        14.09091
                    ],
                    "texture": "#8"
                }
            }
        },
        {
            "from": [
                7.75,
                6.76777,
                7.04289
            ],
            "to": [
                9.25,
                7.26777,
                8.54289
            ],
            "rotation": {
                "angle": -45,
                "axis": "y",
                "origin": [
                    8,
                    5.76777,
                    7.29289
                ]
            },
            "faces": {
                "north": {
                    "uv": [
                        14.72727,
                        13.63636,
                        15,
                        13.72727
                    ],
                    "texture": "#8"
                },
                "east": {
                    "uv": [
                        14.72727,
                        14,
                        15,
                        14.09091
                    ],
                    "texture": "#8"
                },
                "south": {
                    "uv": [
                        14.36364,
                        14.72727,
                        14.63636,
                        14.81818
                    ],
                    "texture": "#8"
                },
                "west": {
                    "uv": [
                        14.72727,
                        14.36364,
                        15,
                        14.45455
                    ],
                    "texture": "#8"
                },
                "up": {
                    "uv": [
                        13.81818,
                        7.63636,
                        14.09091,
                        7.90909
                    ],
                    "texture": "#8"
                },
                "down": {
                    "uv": [
                        13.81818,
                        8.72727,
                        14.09091,
                        9
                    ],
                    "texture": "#8"
                }
            }
        },
        {
            "from": [
                8,
                3.76777,
                7.29289
            ],
            "to": [
                9,
                5.76777,
                8.29289
            ],
            "rotation": {
                "angle": -45,
                "axis": "y",
                "origin": [
                    8,
                    3.76777,
                    7.29289
                ]
            },
            "faces": {
                "north": {
                    "uv": [
                        9.63636,
                        4.54545,
                        9.81818,
                        4.90909
                    ],
                    "texture": "#8"
                },
                "east": {
                    "uv": [
                        8.18182,
                        12.54545,
                        8.36364,
                        12.90909
                    ],
                    "texture": "#8"
                },
                "south": {
                    "uv": [
                        11.63636,
                        12.54545,
                        11.81818,
                        12.90909
                    ],
                    "texture": "#8"
                },
                "west": {
                    "uv": [
                        3.63636,
                        13.63636,
                        3.81818,
                        14
                    ],
                    "texture": "#8"
                }
            }
        },
        {
            "from": [
                7.5,
                8.37116,
                7.59089
            ],
            "to": [
                8.5,
                11.37116,
                9.59089
            ],
            "rotation": {
                "angle": 45,
                "axis": "x",
                "origin": [
                    8,
                    9.45691,
                    9.75
                ]
            },
            "faces": {
                "north": {
                    "uv": [
                        9.27273,
                        10.18182,
                        9.45455,
                        10.72727
                    ],
                    "texture": "#8"
                },
                "east": {
                    "uv": [
                        7.45455,
                        11.81818,
                        7.81818,
                        12.36364
                    ],
                    "texture": "#8"
                },
                "west": {
                    "uv": [
                        8,
                        11.81818,
                        8.36364,
                        12.36364
                    ],
                    "texture": "#8"
                },
                "up": {
                    "uv": [
                        4.90909,
                        14.36364,
                        4.72727,
                        14
                    ],
                    "texture": "#8"
                },
                "down": {
                    "uv": [
                        5.27273,
                        14,
                        5.09091,
                        14.36364
                    ],
                    "texture": "#8"
                }
            }
        },
        {
            "from": [
                7.25,
                8.45691,
                7.96086
            ],
            "to": [
                8.75,
                10.45691,
                11.46086
            ],
            "rotation": {
                "angle": -22.5,
                "axis": "x",
                "origin": [
                    8,
                    9.45691,
                    9.65
                ]
            },
            "faces": {
                "north": {
                    "uv": [
                        13.72727,
                        5.63636,
                        13.45455,
                        6
                    ],
                    "rotation": 180,
                    "texture": "#8"
                },
                "east": {
                    "uv": [
                        10.90909,
                        11.63636,
                        11.27273,
                        12.27273
                    ],
                    "rotation": 270,
                    "texture": "#8"
                },
                "south": {
                    "uv": [
                        5.90909,
                        13.81818,
                        5.63636,
                        13.45455
                    ],
                    "texture": "#8"
                },
                "west": {
                    "uv": [
                        11.45455,
                        11.63636,
                        11.81818,
                        12.27273
                    ],
                    "rotation": 90,
                    "texture": "#8"
                },
                "up": {
                    "uv": [
                        12.54545,
                        3.09091,
                        12.81818,
                        3.72727
                    ],
                    "rotation": 180,
                    "texture": "#8"
                },
                "down": {
                    "uv": [
                        4,
                        12.54545,
                        4.27273,
                        13.18182
                    ],
                    "texture": "#8"
                }
            }
        },
        {
            "from": [
                7.5,
                7.2978,
                8.56425
            ],
            "to": [
                8.5,
                9.2978,
                11.56425
            ],
            "rotation": {
                "angle": 0,
                "axis": "y",
                "origin": [
                    8,
                    9.45691,
                    9.65
                ]
            },
            "faces": {
                "north": {
                    "uv": [
                        14.18182,
                        5.45455,
                        14,
                        5.81818
                    ],
                    "rotation": 180,
                    "texture": "#8"
                },
                "east": {
                    "uv": [
                        12,
                        9.27273,
                        12.36364,
                        9.81818
                    ],
                    "rotation": 270,
                    "texture": "#8"
                },
                "south": {
                    "uv": [
                        5.63636,
                        14.36364,
                        5.45455,
                        14
                    ],
                    "texture": "#8"
                },
                "west": {
                    "uv": [
                        12,
                        10,
                        12.36364,
                        10.54545
                    ],
                    "rotation": 90,
                    "texture": "#8"
                },
                "down": {
                    "uv": [
                        12.36364,
                        13.27273,
                        12.54545,
                        13.81818
                    ],
                    "texture": "#8"
                }
            }
        },
        {
            "from": [
                7.5,
                7.26777,
                6.79289
            ],
            "to": [
                9.5,
                8.26777,
                8.79289
            ],
            "rotation": {
                "angle": -45,
                "axis": "y",
                "origin": [
                    8,
                    7.26777,
                    7.29289
                ]
            },
            "faces": {
                "north": {
                    "uv": [
                        13.81818,
                        9.27273,
                        14.18182,
                        9.45455
                    ],
                    "texture": "#8"
                },
                "east": {
                    "uv": [
                        14,
                        6,
                        14.36364,
                        6.18182
                    ],
                    "texture": "#8"
                },
                "south": {
                    "uv": [
                        14,
                        6.36364,
                        14.36364,
                        6.54545
                    ],
                    "texture": "#8"
                },
                "west": {
                    "uv": [
                        14,
                        6.72727,
                        14.36364,
                        6.90909
                    ],
                    "texture": "#8"
                },
                "up": {
                    "uv": [
                        13.09091,
                        2.90909,
                        13.45455,
                        3.27273
                    ],
                    "texture": "#8"
                },
                "down": {
                    "uv": [
                        13.09091,
                        3.45455,
                        13.45455,
                        3.81818
                    ],
                    "texture": "#8"
                }
            }
        },
        {
            "from": [
                7.75,
                8.26777,
                7.04289
            ],
            "to": [
                9.25,
                13.26777,
                8.54289
            ],
            "rotation": {
                "angle": -45,
                "axis": "y",
                "origin": [
                    8,
                    8.26777,
                    7.29289
                ]
            },
            "faces": {
                "north": {
                    "uv": [
                        11.45455,
                        10.54545,
                        11.72727,
                        11.45455
                    ],
                    "texture": "#8"
                },
                "east": {
                    "uv": [
                        11.63636,
                        0.72727,
                        11.90909,
                        1.63636
                    ],
                    "texture": "#8"
                },
                "south": {
                    "uv": [
                        11.63636,
                        3.09091,
                        11.90909,
                        4
                    ],
                    "texture": "#8"
                },
                "west": {
                    "uv": [
                        11.63636,
                        4.18182,
                        11.90909,
                        5.09091
                    ],
                    "texture": "#8"
                },
                "up": {
                    "uv": [
                        14.09091,
                        13,
                        13.81818,
                        12.72727
                    ],
                    "texture": "#8"
                }
            }
        },
        {
            "from": [
                8,
                13.26777,
                7.29289
            ],
            "to": [
                9,
                18.76777,
                8.29289
            ],
            "rotation": {
                "angle": -45,
                "axis": "y",
                "origin": [
                    8,
                    13.26777,
                    7.29289
                ]
            },
            "faces": {
                "north": {
                    "uv": [
                        12.36364,
                        6,
                        12.54545,
                        7
                    ],
                    "texture": "#8"
                },
                "east": {
                    "uv": [
                        12.36364,
                        10.72727,
                        12.54545,
                        11.72727
                    ],
                    "texture": "#8"
                },
                "south": {
                    "uv": [
                        12.36364,
                        12,
                        12.54545,
                        13
                    ],
                    "texture": "#8"
                },
                "west": {
                    "uv": [
                        0.54545,
                        12.54545,
                        0.72727,
                        13.54545
                    ],
                    "texture": "#8"
                },
                "up": {
                    "uv": [
                        13.27273,
                        5.81818,
                        13.09091,
                        5.63636
                    ],
                    "texture": "#8"
                }
            }
        },
        {
            "from": [
                7.5,
                8,
                5.5
            ],
            "to": [
                8.5,
                9,
                7.5
            ],
            "rotation": {
                "angle": 0,
                "axis": "y",
                "origin": [
                    7,
                    8,
                    5
                ]
            },
            "faces": {
                "north": {
                    "uv": [
                        4,
                        14.54545,
                        4.18182,
                        14.72727
                    ],
                    "texture": "#8"
                },
                "east": {
                    "uv": [
                        9.09091,
                        14,
                        9.45455,
                        14.18182
                    ],
                    "texture": "#8"
                },
                "west": {
                    "uv": [
                        9.63636,
                        14,
                        10,
                        14.18182
                    ],
                    "texture": "#8"
                },
                "up": {
                    "uv": [
                        6,
                        14.36364,
                        5.81818,
                        14
                    ],
                    "texture": "#8"
                },
                "down": {
                    "uv": [
                        10.36364,
                        14,
                        10.18182,
                        14.36364
                    ],
                    "texture": "#8"
                }
            }
        },
        {
            "from": [
                7,
                9,
                5
            ],
            "to": [
                9,
                11,
                7
            ],
            "rotation": {
                "angle": 0,
                "axis": "y",
                "origin": [
                    7,
                    9,
                    5
                ]
            },
            "faces": {
                "north": {
                    "uv": [
                        8,
                        13.09091,
                        8.36364,
                        13.45455
                    ],
                    "texture": "#8"
                },
                "east": {
                    "uv": [
                        9.81818,
                        13.09091,
                        10.18182,
                        13.45455
                    ],
                    "texture": "#8"
                },
                "south": {
                    "uv": [
                        10.36364,
                        13.09091,
                        10.72727,
                        13.45455
                    ],
                    "texture": "#8"
                },
                "west": {
                    "uv": [
                        10.90909,
                        13.09091,
                        11.27273,
                        13.45455
                    ],
                    "texture": "#8"
                },
                "up": {
                    "uv": [
                        11.81818,
                        13.45455,
                        11.45455,
                        13.09091
                    ],
                    "texture": "#8"
                },
                "down": {
                    "uv": [
                        1.81818,
                        13.27273,
                        1.45455,
                        13.63636
                    ],
                    "texture": "#8"
                }
            }
        },
        {
            "from": [
                7.25,
                11,
                5.25
            ],
            "to": [
                8.75,
                11.5,
                6.75
            ],
            "rotation": {
                "angle": 0,
                "axis": "y",
                "origin": [
                    7,
                    11,
                    5
                ]
            },
            "faces": {
                "north": {
                    "uv": [
                        6.54545,
                        14.90909,
                        6.81818,
                        15
                    ],
                    "texture": "#8"
                },
                "east": {
                    "uv": [
                        14.90909,
                        6.54545,
                        15.18182,
                        6.63636
                    ],
                    "texture": "#8"
                },
                "south": {
                    "uv": [
                        14.90909,
                        7.45455,
                        15.18182,
                        7.54545
                    ],
                    "texture": "#8"
                },
                "west": {
                    "uv": [
                        14.90909,
                        7.81818,
                        15.18182,
                        7.90909
                    ],
                    "texture": "#8"
                },
                "up": {
                    "uv": [
                        14.09091,
                        13.54545,
                        13.81818,
                        13.27273
                    ],
                    "texture": "#8"
                }
            }
        },
        {
            "from": [
                7,
                17.75,
                5.5
            ],
            "to": [
                7.5,
                18.25,
                7.5
            ],
            "rotation": {
                "angle": 0,
                "axis": "y",
                "origin": [
                    7,
                    17.75,
                    5.5
                ]
            },
            "faces": {
                "north": {
                    "uv": [
                        15.09091,
                        4.18182,
                        15.18182,
                        4.27273
                    ],
                    "texture": "#8"
                },
                "east": {
                    "uv": [
                        4.36364,
                        14.54545,
                        4.72727,
                        14.63636
                    ],
                    "texture": "#8"
                },
                "south": {
                    "uv": [
                        15.09091,
                        4.54545,
                        15.18182,
                        4.63636
                    ],
                    "texture": "#8"
                },
                "west": {
                    "uv": [
                        4.90909,
                        14.54545,
                        5.27273,
                        14.63636
                    ],
                    "texture": "#8"
                },
                "up": {
                    "uv": [
                        5.54545,
                        14.90909,
                        5.45455,
                        14.54545
                    ],
                    "texture": "#8"
                },
                "down": {
                    "uv": [
                        5.90909,
                        14.54545,
                        5.81818,
                        14.90909
                    ],
                    "texture": "#8"
                }
            }
        },
        {
            "from": [
                8.5,
                17.75,
                5.5
            ],
            "to": [
                9,
                18.25,
                7.5
            ],
            "rotation": {
                "angle": 0,
                "axis": "y",
                "origin": [
                    8.5,
                    17.75,
                    5.5
                ]
            },
            "faces": {
                "north": {
                    "uv": [
                        5.45455,
                        15.09091,
                        5.54545,
                        15.18182
                    ],
                    "texture": "#8"
                },
                "east": {
                    "uv": [
                        14.54545,
                        5.81818,
                        14.90909,
                        5.90909
                    ],
                    "texture": "#8"
                },
                "south": {
                    "uv": [
                        15.09091,
                        5.63636,
                        15.18182,
                        5.72727
                    ],
                    "texture": "#8"
                },
                "west": {
                    "uv": [
                        14.54545,
                        6.18182,
                        14.90909,
                        6.27273
                    ],
                    "texture": "#8"
                },
                "up": {
                    "uv": [
                        14.63636,
                        6.90909,
                        14.54545,
                        6.54545
                    ],
                    "texture": "#8"
                },
                "down": {
                    "uv": [
                        10.09091,
                        14.54545,
                        10,
                        14.90909
                    ],
                    "texture": "#8"
                }
            }
        },
        {
            "from": [
                7.5,
                17.75,
                7
            ],
            "to": [
                8.5,
                18.25,
                7.5
            ],
            "rotation": {
                "angle": 0,
                "axis": "y",
                "origin": [
                    7.5,
                    17.75,
                    5.5
                ]
            },
            "faces": {
                "north": {
                    "uv": [
                        15.09091,
                        2,
                        15.27273,
                        2.09091
                    ],
                    "texture": "#8"
                },
                "south": {
                    "uv": [
                        2.36364,
                        15.09091,
                        2.54545,
                        15.18182
                    ],
                    "texture": "#8"
                },
                "up": {
                    "uv": [
                        15.27273,
                        2.45455,
                        15.09091,
                        2.36364
                    ],
                    "texture": "#8"
                },
                "down": {
                    "uv": [
                        2.90909,
                        15.09091,
                        2.72727,
                        15.18182
                    ],
                    "texture": "#8"
                }
            }
        },
        {
            "from": [
                7.5,
                17.75,
                5.5
            ],
            "to": [
                8.5,
                18.25,
                6
            ],
            "rotation": {
                "angle": 0,
                "axis": "y",
                "origin": [
                    7.5,
                    17.75,
                    4
                ]
            },
            "faces": {
                "north": {
                    "uv": [
                        15.09091,
                        2.72727,
                        15.27273,
                        2.81818
                    ],
                    "texture": "#8"
                },
                "south": {
                    "uv": [
                        3.09091,
                        15.09091,
                        3.27273,
                        15.18182
                    ],
                    "texture": "#8"
                },
                "up": {
                    "uv": [
                        15.27273,
                        3.18182,
                        15.09091,
                        3.09091
                    ],
                    "texture": "#8"
                },
                "down": {
                    "uv": [
                        3.63636,
                        15.09091,
                        3.45455,
                        15.18182
                    ],
                    "texture": "#8"
                }
            }
        },
        {
            "from": [
                7,
                15.25,
                5.5
            ],
            "to": [
                7.5,
                15.75,
                7.5
            ],
            "rotation": {
                "angle": 0,
                "axis": "y",
                "origin": [
                    7,
                    17.75,
                    5.5
                ]
            },
            "faces": {
                "north": {
                    "uv": [
                        15.09091,
                        4.18182,
                        15.18182,
                        4.27273
                    ],
                    "texture": "#8"
                },
                "east": {
                    "uv": [
                        4.36364,
                        14.54545,
                        4.72727,
                        14.63636
                    ],
                    "texture": "#8"
                },
                "south": {
                    "uv": [
                        15.09091,
                        4.54545,
                        15.18182,
                        4.63636
                    ],
                    "texture": "#8"
                },
                "west": {
                    "uv": [
                        4.90909,
                        14.54545,
                        5.27273,
                        14.63636
                    ],
                    "texture": "#8"
                },
                "up": {
                    "uv": [
                        5.45455,
                        14.90909,
                        5.54545,
                        14.54545
                    ],
                    "texture": "#8"
                },
                "down": {
                    "uv": [
                        5.81818,
                        14.54545,
                        5.90909,
                        14.90909
                    ],
                    "texture": "#8"
                }
            }
        },
        {
            "from": [
                7.5,
                15.25,
                7
            ],
            "to": [
                8.5,
                15.75,
                7.5
            ],
            "rotation": {
                "angle": 0,
                "axis": "y",
                "origin": [
                    7.5,
                    17.75,
                    5.5
                ]
            },
            "faces": {
                "north": {
                    "uv": [
                        15.09091,
                        2,
                        15.27273,
                        2.09091
                    ],
                    "texture": "#8"
                },
                "south": {
                    "uv": [
                        2.36364,
                        15.09091,
                        2.54545,
                        15.18182
                    ],
                    "texture": "#8"
                },
                "up": {
                    "uv": [
                        15.09091,
                        2.36364,
                        15.27273,
                        2.45455
                    ],
                    "texture": "#8"
                },
                "down": {
                    "uv": [
                        2.72727,
                        15.09091,
                        2.90909,
                        15.18182
                    ],
                    "texture": "#8"
                }
            }
        },
        {
            "from": [
                7.5,
                15.25,
                5.5
            ],
            "to": [
                8.5,
                15.75,
                6
            ],
            "rotation": {
                "angle": 0,
                "axis": "y",
                "origin": [
                    7.5,
                    17.75,
                    4
                ]
            },
            "faces": {
                "north": {
                    "uv": [
                        15.09091,
                        2.72727,
                        15.27273,
                        2.81818
                    ],
                    "texture": "#8"
                },
                "south": {
                    "uv": [
                        3.09091,
                        15.09091,
                        3.27273,
                        15.18182
                    ],
                    "texture": "#8"
                },
                "up": {
                    "uv": [
                        15.09091,
                        3.09091,
                        15.27273,
                        3.18182
                    ],
                    "texture": "#8"
                },
                "down": {
                    "uv": [
                        3.45455,
                        15.09091,
                        3.63636,
                        15.18182
                    ],
                    "texture": "#8"
                }
            }
        },
        {
            "from": [
                8.5,
                15.25,
                5.5
            ],
            "to": [
                9,
                15.75,
                7.5
            ],
            "rotation": {
                "angle": 0,
                "axis": "y",
                "origin": [
                    8.5,
                    17.75,
                    5.5
                ]
            },
            "faces": {
                "north": {
                    "uv": [
                        5.45455,
                        15.09091,
                        5.54545,
                        15.18182
                    ],
                    "texture": "#8"
                },
                "east": {
                    "uv": [
                        14.54545,
                        5.81818,
                        14.90909,
                        5.90909
                    ],
                    "texture": "#8"
                },
                "south": {
                    "uv": [
                        15.09091,
                        5.63636,
                        15.18182,
                        5.72727
                    ],
                    "texture": "#8"
                },
                "west": {
                    "uv": [
                        14.54545,
                        6.18182,
                        14.90909,
                        6.27273
                    ],
                    "texture": "#8"
                },
                "up": {
                    "uv": [
                        14.54545,
                        6.90909,
                        14.63636,
                        6.54545
                    ],
                    "texture": "#8"
                },
                "down": {
                    "uv": [
                        10,
                        14.54545,
                        10.09091,
                        14.90909
                    ],
                    "texture": "#8"
                }
            }
        },
        {
            "from": [
                7,
                12.75,
                5.5
            ],
            "to": [
                7.5,
                13.25,
                7.5
            ],
            "rotation": {
                "angle": 0,
                "axis": "y",
                "origin": [
                    7,
                    17.75,
                    5.5
                ]
            },
            "faces": {
                "north": {
                    "uv": [
                        15.09091,
                        4.18182,
                        15.18182,
                        4.27273
                    ],
                    "texture": "#8"
                },
                "east": {
                    "uv": [
                        4.36364,
                        14.54545,
                        4.72727,
                        14.63636
                    ],
                    "texture": "#8"
                },
                "south": {
                    "uv": [
                        15.09091,
                        4.54545,
                        15.18182,
                        4.63636
                    ],
                    "texture": "#8"
                },
                "west": {
                    "uv": [
                        4.90909,
                        14.54545,
                        5.27273,
                        14.63636
                    ],
                    "texture": "#8"
                },
                "up": {
                    "uv": [
                        5.45455,
                        14.90909,
                        5.54545,
                        14.54545
                    ],
                    "texture": "#8"
                },
                "down": {
                    "uv": [
                        5.81818,
                        14.54545,
                        5.90909,
                        14.90909
                    ],
                    "texture": "#8"
                }
            }
        },
        {
            "from": [
                7.5,
                12.75,
                7
            ],
            "to": [
                8.5,
                13.25,
                7.5
            ],
            "rotation": {
                "angle": 0,
                "axis": "y",
                "origin": [
                    7.5,
                    17.75,
                    5.5
                ]
            },
            "faces": {
                "north": {
                    "uv": [
                        15.09091,
                        2,
                        15.27273,
                        2.09091
                    ],
                    "texture": "#8"
                },
                "south": {
                    "uv": [
                        2.36364,
                        15.09091,
                        2.54545,
                        15.18182
                    ],
                    "texture": "#8"
                },
                "up": {
                    "uv": [
                        15.09091,
                        2.36364,
                        15.27273,
                        2.45455
                    ],
                    "texture": "#8"
                },
                "down": {
                    "uv": [
                        2.72727,
                        15.09091,
                        2.90909,
                        15.18182
                    ],
                    "texture": "#8"
                }
            }
        },
        {
            "from": [
                7.5,
                12.75,
                5.5
            ],
            "to": [
                8.5,
                13.25,
                6
            ],
            "rotation": {
                "angle": 0,
                "axis": "y",
                "origin": [
                    7.5,
                    17.75,
                    4
                ]
            },
            "faces": {
                "north": {
                    "uv": [
                        15.09091,
                        2.72727,
                        15.27273,
                        2.81818
                    ],
                    "texture": "#8"
                },
                "south": {
                    "uv": [
                        3.09091,
                        15.09091,
                        3.27273,
                        15.18182
                    ],
                    "texture": "#8"
                },
                "up": {
                    "uv": [
                        15.09091,
                        3.09091,
                        15.27273,
                        3.18182
                    ],
                    "texture": "#8"
                },
                "down": {
                    "uv": [
                        3.45455,
                        15.09091,
                        3.63636,
                        15.18182
                    ],
                    "texture": "#8"
                }
            }
        },
        {
            "from": [
                8.5,
                12.75,
                5.5
            ],
            "to": [
                9,
                13.25,
                7.5
            ],
            "rotation": {
                "angle": 0,
                "axis": "y",
                "origin": [
                    8.5,
                    17.75,
                    5.5
                ]
            },
            "faces": {
                "north": {
                    "uv": [
                        5.45455,
                        15.09091,
                        5.54545,
                        15.18182
                    ],
                    "texture": "#8"
                },
                "east": {
                    "uv": [
                        14.54545,
                        5.81818,
                        14.90909,
                        5.90909
                    ],
                    "texture": "#8"
                },
                "south": {
                    "uv": [
                        15.09091,
                        5.63636,
                        15.18182,
                        5.72727
                    ],
                    "texture": "#8"
                },
                "west": {
                    "uv": [
                        14.54545,
                        6.18182,
                        14.90909,
                        6.27273
                    ],
                    "texture": "#8"
                },
                "up": {
                    "uv": [
                        14.54545,
                        6.90909,
                        14.63636,
                        6.54545
                    ],
                    "texture": "#8"
                },
                "down": {
                    "uv": [
                        10,
                        14.54545,
                        10.09091,
                        14.90909
                    ],
                    "texture": "#8"
                }
            }
        },
        {
            "from": [
                7.985,
                10.75,
                5
            ],
            "to": [
                8.015,
                18.25,
                7.5
            ],
            "rotation": {
                "angle": 0,
                "axis": "y",
                "origin": [
                    7.985,
                    -0.25,
                    0.5
                ]
            },
            "faces": {
                "east": {
                    "uv": [
                        11.36364,
                        7.63636,
                        10.90909,
                        9
                    ],
                    "texture": "#8"
                },
                "west": {
                    "uv": [
                        10.90909,
                        7.63636,
                        11.36364,
                        9
                    ],
                    "texture": "#8"
                }
            }
        }
    ],
    "gui_light": "front",
    "display": {
        "thirdperson_righthand": {
            "translation": [
                0,
                1.25,
                0.75
            ]
        },
        "thirdperson_lefthand": {
            "translation": [
                0,
                1.25,
                0.75
            ]
        },
        "firstperson_righthand": {
            "rotation": [
                -34.94,
                -5.77,
                -4.02
            ],
            "translation": [
                0.25,
                2.5,
                1
            ],
            "scale": [
                0.7,
                0.7,
                0.7
            ]
        },
        "firstperson_lefthand": {
            "rotation": [
                -34.94,
                -5.77,
                -4.02
            ],
            "translation": [
                0.25,
                2.5,
                1
            ],
            "scale": [
                0.7,
                0.7,
                0.7
            ]
        },
        "ground": {
            "rotation": [
                45,
                0,
                0
            ],
            "translation": [
                0,
                5,
                0
            ],
            "scale": [
                0.7,
                0.7,
                0.7
            ]
        },
        "gui": {
            "rotation": [
                -90,
                135,
                90
            ],
            "translation": [
                -1.25,
                -1.5,
                0
            ]
        },
        "head": {
            "rotation": [
                0,
                -90,
                0
            ]
        },
        "fixed": {
            "rotation": [
                0,
                -90,
                0
            ],
            "translation": [
                0,
                0,
                -2.25
            ],
            "scale": [
                2,
                2,
                2
            ]
        }
    },
    "groups": [
        {
            "name": "fishing_rod",
            "origin": [
                7.985,
                10.75,
                6.5
            ],
            "color": 0,
            "children": [
                {
                    "name": "coral_and_animated",
                    "origin": [
                        26,
                        9.5,
                        8
                    ],
                    "color": 0,
                    "children": [
                        0,
                        1,
                        2,
                        3,
                        4,
                        5
                    ]
                },
                6,
                7,
                8,
                9,
                10,
                11,
                12,
                13,
                14,
                15,
                16,
                17,
                18,
                19,
                20,
                21,
                22,
                23,
                24,
                25,
                26,
                27,
                28,
                29,
                30,
                31,
                32,
                33,
                34,
                35,
                36
            ]
        }
    ]
}