{"credit":"Pologony Creation Co.,Ltd.","textures":{"1":"minewave:item/coral_summer/helmet","2":"minewave:item/coral_summer/animated/bubble_1","particle":"minewave:item/coral_summer/animated/bubble_1"},"elements":[{"from":[3,3,3],"to":[13,13,13],"rotation":{"angle":0,"axis":"y","origin":[3,3,3]},"faces":{"north":{"uv":[0,0,3.33333,3.33333],"texture":"#1"},"east":{"uv":[0,3.66667,3.33333,7],"texture":"#1"},"south":{"uv":[3.66667,0,7,3.33333],"texture":"#1"},"west":{"uv":[3.66667,3.66667,7,7],"texture":"#1"},"up":{"uv":[3.33333,10.66667,0,7.33333],"texture":"#1"},"down":{"uv":[10.66667,0,7.33333,3.33333],"texture":"#1"}}},{"from":[4,4,2],"to":[12,12,3],"rotation":{"angle":0,"axis":"y","origin":[3,3,2]},"faces":{"north":{"uv":[3.66667,7.33333,6.33333,10],"texture":"#1"},"east":{"uv":[9,8.33333,9.33333,11],"texture":"#1"},"west":{"uv":[9.66667,3.66667,10,6.33333],"texture":"#1"},"up":{"uv":[12.33333,8.66667,9.66667,8.33333],"texture":"#1"},"down":{"uv":[12.33333,9,9.66667,9.33333],"texture":"#1"}}},{"from":[11,7,1.5],"to":[13,9,3],"rotation":{"angle":0,"axis":"y","origin":[3,3,2]},"faces":{"north":{"uv":[8,9.66667,8.66667,10.33333],"texture":"#1"},"east":{"uv":[9.66667,10.33333,10.33333,11],"texture":"#1"},"west":{"uv":[10.66667,6.33333,11.33333,7],"texture":"#1"},"up":{"uv":[11.33333,8,10.66667,7.33333],"texture":"#1"},"down":{"uv":[8.66667,10.66667,8,11.33333],"texture":"#1"}}},{"from":[2,6,6],"to":[3,10,10],"rotation":{"angle":0,"axis":"y","origin":[3,3,3]},"faces":{"north":{"uv":[6,10.33333,6.33333,11.66667],"texture":"#1"},"south":{"uv":[10.66667,10.33333,11,11.66667],"texture":"#1"},"west":{"uv":[9,6.66667,10.33333,8],"texture":"#1"},"up":{"uv":[0.33333,12.33333,0,11],"texture":"#1"},"down":{"uv":[11.33333,0,11,1.33333],"texture":"#1"}}},{"from":[5,3,13],"to":[11,11,14],"rotation":{"angle":0,"axis":"y","origin":[3,3,13]},"faces":{"east":{"uv":[6.66667,9.66667,7,12.33333],"texture":"#1"},"south":{"uv":[7.33333,3.66667,9.33333,6.33333],"texture":"#1"},"west":{"uv":[7.33333,9.66667,7.66667,12.33333],"texture":"#1"},"up":{"uv":[11.66667,10,9.66667,9.66667],"texture":"#1"},"down":{"uv":[5.66667,10.33333,3.66667,10.66667],"texture":"#1"}}},{"from":[5,13,5],"to":[11,14,11],"rotation":{"angle":0,"axis":"y","origin":[6,13,7]},"faces":{"north":{"uv":[10.33333,3.66667,12.33333,4],"texture":"#1"},"east":{"uv":[10.33333,4.33333,12.33333,4.66667],"texture":"#1"},"south":{"uv":[10.33333,5,12.33333,5.33333],"texture":"#1"},"west":{"uv":[10.33333,5.66667,12.33333,6],"texture":"#1"},"up":{"uv":[8.66667,9.33333,6.66667,7.33333],"texture":"#1"}}},{"from":[13,6,6],"to":[14,10,10],"rotation":{"angle":0,"axis":"y","origin":[13,3,3]},"faces":{"north":{"uv":[6.33333,10.33333,6,11.66667],"texture":"#1"},"east":{"uv":[10.33333,6.66667,9,8],"texture":"#1"},"south":{"uv":[11,10.33333,10.66667,11.66667],"texture":"#1"},"up":{"uv":[0.33333,12.33333,0,11],"texture":"#1"},"down":{"uv":[11.33333,0,11,1.33333],"texture":"#1"}}},{"from":[2.74316,13.22322,8.83184],"to":[5.74316,19.22322,8.83184],"rotation":{"angle":0,"axis":"y","origin":[7.99316,15,11]},"faces":{"north":{"uv":[10,0,16,12],"texture":"#2"},"south":{"uv":[16,0,10,12],"texture":"#2"}}},{"from":[11.99316,9.47322,2.83184],"to":[15.99316,16.47322,2.84184],"rotation":{"angle":0,"axis":"y","origin":[9.99316,8,5]},"faces":{"north":{"uv":[0,0,8,14],"texture":"#2"},"south":{"uv":[8,0,0,14],"texture":"#2"}}}],"gui_light":"front","display":{"thirdperson_righthand":{"rotation":[-146.25,0,-180],"translation":[0,3.25,0],"scale":[0.6,0.6,0.6]},"thirdperson_lefthand":{"rotation":[-146.25,0,-180],"translation":[0,3.25,0],"scale":[0.6,0.6,0.6]},"firstperson_righthand":{"rotation":[146,0,180],"translation":[0,3,1],"scale":[0.6,0.6,0.6]},"firstperson_lefthand":{"rotation":[146,0,180],"translation":[0,3,1],"scale":[0.6,0.6,0.6]},"ground":{"translation":[0,5,0],"scale":[0.7,0.7,0.7]},"gui":{"rotation":[0,180,0],"scale":[1.6,1.6,1.6]},"head":{"scale":[1.6,1.6,1.6]},"fixed":{"rotation":[-90,0,0],"translation":[0,0,-10],"scale":[2,2,2]}}}