{
    "blend": {
        "func": "add",
        "srcrgb": "srcalpha",
        "dstrgb": "1-srcalpha"
    },
    "vertexShader": "minecraft:core/rendertype_entity_translucent",
    "fragmentShader": "minecraft:core/rendertype_entity_translucent",
    "samplers": [
        { "name": "Sampler0" },
        { "name": "Sampler1" },
        { "name": "Sampler2" }
    ],
    "uniforms": [
        { "name": "ModelViewMat", "type": "mat4", "values": [ 1.0, 0.0, 0.0, 0.0, 0.0, 1.0, 0.0, 0.0, 0.0, 0.0, 1.0, 0.0, 0.0, 0.0, 0.0, 1.0 ] },
        { "name": "ProjMat", "type": "mat4", "values": [ 1.0, 0.0, 0.0, 0.0, 0.0, 1.0, 0.0, 0.0, 0.0, 0.0, 1.0, 0.0, 0.0, 0.0, 0.0, 1.0 ] },
        { "name": "IViewRotMat", "type": "matrix3x3", "values": [ 1.0, 0.0, 0.0, 0.0, 1.0, 0.0, 0.0, 0.0, 1.0 ] },
        { "name": "ColorModulator", "type": "vec4", "values": [ 1.0, 1.0, 1.0, 1.0 ] },
        { "name": "Light0_Direction", "type": "vec3", "values": [ 0.0, 0.0, 0.0 ] },
        { "name": "Light1_Direction", "type": "vec3", "values": [ 0.0, 0.0, 0.0 ] },
        { "name": "FogStart", "type": "float", "values": [ 0.0 ] },
        { "name": "FogEnd", "type": "float", "values": [ 1.0 ] },
        { "name": "FogColor", "type": "vec4", "values": [ 0.0, 0.0, 0.0, 0.0 ]},
        { "name": "FogShape", "type": "int", "values": [ 0 ] }
    ]
}
