{
	"credit": "Made by Nog's Menagerie",
	"texture_size": [64, 64],
	"textures": {
		"1": "minewave:item/plushies/nm_plushie_alligator_texture"
	},
	"elements": [
		{
			"name": "torso",
			"from": [5, 0, 2],
			"to": [11, 4, 13],
			"rotation": {"angle": 0, "axis": "y", "origin": [8, 3.5, 8]},
			"faces": {
				"north": {"uv": [3, 1.5, 4.5, 2.5], "texture": "#1"},
				"east": {"uv": [0, 2.75, 2.75, 3.75], "texture": "#1"},
				"south": {"uv": [1.5, 3.75, 3, 4.75], "texture": "#1"},
				"west": {"uv": [2.75, 2.75, 5.5, 3.75], "texture": "#1"},
				"up": {"uv": [1.5, 2.75, 0, 0], "texture": "#1"},
				"down": {"uv": [3, 0, 1.5, 2.75], "texture": "#1"}
			}
		},
		{
			"name": "torso",
			"from": [8, 4, 4],
			"to": [8, 6, 12],
			"rotation": {"angle": 0, "axis": "y", "origin": [10, 3.5, 8]},
			"faces": {
				"north": {"uv": [0, 0, 0, 0.5], "texture": "#1"},
				"east": {"uv": [6, 5.25, 8, 5.75], "texture": "#1"},
				"south": {"uv": [0, 0, 0, 0.5], "texture": "#1"},
				"west": {"uv": [1, 6.25, 3, 6.75], "texture": "#1"},
				"up": {"uv": [0, 2, 0, 0], "texture": "#1"},
				"down": {"uv": [0, 0, 0, 2], "texture": "#1"}
			}
		},
		{
			"name": "torso",
			"from": [6, 4, 4],
			"to": [6, 6, 12],
			"rotation": {"angle": 0, "axis": "y", "origin": [10, 3.5, 8]},
			"faces": {
				"north": {"uv": [0, 0, 0, 0.5], "texture": "#1"},
				"east": {"uv": [6, 5.25, 8, 5.75], "texture": "#1"},
				"south": {"uv": [0, 0, 0, 0.5], "texture": "#1"},
				"west": {"uv": [1, 6.25, 3, 6.75], "texture": "#1"},
				"up": {"uv": [0, 2, 0, 0], "texture": "#1"},
				"down": {"uv": [0, 0, 0, 2], "texture": "#1"}
			}
		},
		{
			"name": "torso",
			"from": [10, 4, 4],
			"to": [10, 6, 12],
			"rotation": {"angle": 0, "axis": "y", "origin": [6, 3.5, 8]},
			"faces": {
				"north": {"uv": [0, 0, 0, 0.5], "texture": "#1"},
				"east": {"uv": [3, 6.25, 1, 6.75], "texture": "#1"},
				"south": {"uv": [0, 0, 0, 0.5], "texture": "#1"},
				"west": {"uv": [8, 5.25, 6, 5.75], "texture": "#1"},
				"up": {"uv": [0, 2, 0, 0], "texture": "#1"},
				"down": {"uv": [0, 0, 0, 2], "texture": "#1"}
			}
		},
		{
			"name": "head",
			"from": [5.75, 1, 0.62592],
			"to": [13.75, 4.025, 3.62592],
			"rotation": {"angle": -22.5, "axis": "y", "origin": [8, 2.24375, -1.12408]},
			"faces": {
				"north": {"uv": [3, 3.75, 5, 4.5], "texture": "#1"},
				"east": {"uv": [0, 7.5, 0.75, 8.25], "texture": "#1"},
				"south": {"uv": [4.5, 0, 6.5, 0.75], "texture": "#1"},
				"west": {"uv": [0.75, 7.5, 1.5, 8.25], "texture": "#1"},
				"up": {"uv": [6.5, 1.5, 4.5, 0.75], "texture": "#1"},
				"down": {"uv": [6.5, 1.5, 4.5, 2.25], "texture": "#1"}
			}
		},
		{
			"name": "head",
			"from": [6.75, 3, -1.37408],
			"to": [7.75, 5, 1.62592],
			"rotation": {"angle": -22.5, "axis": "y", "origin": [8, 2.24375, -1.12408]},
			"faces": {
				"north": {"uv": [2.5, 8.5, 2.75, 9], "texture": "#1"},
				"east": {"uv": [3, 8, 3.75, 8.5], "texture": "#1"},
				"south": {"uv": [3.75, 8.5, 4, 9], "texture": "#1"},
				"west": {"uv": [3.75, 8, 4.5, 8.5], "texture": "#1"},
				"up": {"uv": [3, 5.5, 2.75, 4.75], "texture": "#1"},
				"down": {"uv": [3, 8.25, 2.75, 9], "texture": "#1"}
			}
		},
		{
			"name": "head",
			"from": [11.75, 3, -1.37408],
			"to": [12.75, 5, 1.62592],
			"rotation": {"angle": -22.5, "axis": "y", "origin": [8, 2.24375, -1.12408]},
			"faces": {
				"north": {"uv": [4, 8.5, 4.25, 9], "texture": "#1"},
				"east": {"uv": [8, 4.5, 8.75, 5], "texture": "#1"},
				"south": {"uv": [4.25, 8.5, 4.5, 9], "texture": "#1"},
				"west": {"uv": [8, 5, 8.75, 5.5], "texture": "#1"},
				"up": {"uv": [8.75, 0.75, 8.5, 0], "texture": "#1"},
				"down": {"uv": [1.75, 8.5, 1.5, 9.25], "texture": "#1"}
			}
		},
		{
			"name": "head",
			"from": [7.75, 3, -2.37408],
			"to": [11.75, 4, 0.62592],
			"rotation": {"angle": -22.5, "axis": "y", "origin": [8, 2.24375, -1.12408]},
			"faces": {
				"north": {"uv": [6, 5.75, 7, 6], "texture": "#1"},
				"east": {"uv": [7.25, 4.5, 8, 4.75], "texture": "#1"},
				"south": {"uv": [8.25, 4, 9.25, 4.25], "texture": "#1"},
				"west": {"uv": [1.75, 8.5, 2.5, 8.75], "texture": "#1"},
				"up": {"uv": [7.25, 7.25, 6.25, 6.5], "texture": "#1"},
				"down": {"uv": [2, 6.75, 1, 7.5], "texture": "#1"}
			}
		},
		{
			"name": "head",
			"from": [6.75, 3, -5.37408],
			"to": [7.75, 4, -3.37408],
			"rotation": {"angle": -22.5, "axis": "y", "origin": [8, 2.24375, -1.12408]},
			"faces": {
				"north": {"uv": [2.75, 5.5, 3, 5.75], "texture": "#1"},
				"east": {"uv": [7, 7.75, 7.5, 8], "texture": "#1"},
				"south": {"uv": [7, 6.25, 7.25, 6.5], "texture": "#1"},
				"west": {"uv": [4.5, 8, 5, 8.25], "texture": "#1"},
				"up": {"uv": [4.75, 9, 4.5, 8.5], "texture": "#1"},
				"down": {"uv": [5, 8.5, 4.75, 9], "texture": "#1"}
			}
		},
		{
			"name": "head",
			"from": [11.75, 3, -5.37408],
			"to": [12.75, 4, -3.37408],
			"rotation": {"angle": -22.5, "axis": "y", "origin": [8, 2.24375, -1.12408]},
			"faces": {
				"north": {"uv": [6.25, 8.5, 6.5, 8.75], "texture": "#1"},
				"east": {"uv": [8.5, 3.5, 9, 3.75], "texture": "#1"},
				"south": {"uv": [8.5, 6.25, 8.75, 6.5], "texture": "#1"},
				"west": {"uv": [5, 8.5, 5.5, 8.75], "texture": "#1"},
				"up": {"uv": [8.75, 6.25, 8.5, 5.75], "texture": "#1"},
				"down": {"uv": [6.25, 8.5, 6, 9], "texture": "#1"}
			}
		},
		{
			"name": "head",
			"from": [6.75, 1, -5.37408],
			"to": [12.75, 3, 0.62592],
			"rotation": {"angle": -22.5, "axis": "y", "origin": [8, 2.24375, -1.12408]},
			"faces": {
				"north": {"uv": [7, 2.25, 8.5, 2.75], "texture": "#1"},
				"east": {"uv": [7, 2.75, 8.5, 3.25], "texture": "#1"},
				"south": {"uv": [7, 3.25, 8.5, 3.75], "texture": "#1"},
				"west": {"uv": [7, 5.75, 8.5, 6.25], "texture": "#1"},
				"up": {"uv": [4.5, 1.5, 3, 0], "texture": "#1"},
				"down": {"uv": [1.5, 3.75, 0, 5.25], "texture": "#1"}
			}
		},
		{
			"name": "head",
			"from": [7.25, 0, -4.37408],
			"to": [7.25, 1, -3.37408],
			"rotation": {"angle": -22.5, "axis": "y", "origin": [8, 2.24375, -1.12408]},
			"faces": {
				"north": {"uv": [0, 0, 0, 0.25], "texture": "#1"},
				"east": {"uv": [6.5, 8.5, 6.75, 8.75], "texture": "#1"},
				"south": {"uv": [0, 0, 0, 0.25], "texture": "#1"},
				"west": {"uv": [8.5, 6.5, 8.75, 6.75], "texture": "#1"},
				"up": {"uv": [0, 0.25, 0, 0], "texture": "#1"},
				"down": {"uv": [0, 0, 0, 0.25], "texture": "#1"}
			}
		},
		{
			"name": "head",
			"from": [8.25, 0, -4.87408],
			"to": [9.25, 1, -4.87408],
			"rotation": {"angle": -22.5, "axis": "y", "origin": [8, 2.24375, -1.12408]},
			"faces": {
				"north": {"uv": [6.75, 8.5, 7, 8.75], "texture": "#1"},
				"east": {"uv": [0, 0, 0, 0.25], "texture": "#1"},
				"south": {"uv": [8.5, 6.75, 8.75, 7], "texture": "#1"},
				"west": {"uv": [0, 0, 0, 0.25], "texture": "#1"},
				"up": {"uv": [0.25, 0, 0, 0], "texture": "#1"},
				"down": {"uv": [0.25, 0, 0, 0], "texture": "#1"}
			}
		},
		{
			"name": "head",
			"from": [10.25, 0, -4.87408],
			"to": [11.25, 1, -4.87408],
			"rotation": {"angle": -22.5, "axis": "y", "origin": [8, 2.24375, -1.12408]},
			"faces": {
				"north": {"uv": [7, 8.5, 7.25, 8.75], "texture": "#1"},
				"east": {"uv": [0, 0, 0, 0.25], "texture": "#1"},
				"south": {"uv": [8.5, 7, 8.75, 7.25], "texture": "#1"},
				"west": {"uv": [0, 0, 0, 0.25], "texture": "#1"},
				"up": {"uv": [0.25, 0, 0, 0], "texture": "#1"},
				"down": {"uv": [0.25, 0, 0, 0], "texture": "#1"}
			}
		},
		{
			"name": "head",
			"from": [7.25, 0, -2.37408],
			"to": [7.25, 1, -1.37408],
			"rotation": {"angle": -22.5, "axis": "y", "origin": [8, 2.24375, -1.12408]},
			"faces": {
				"north": {"uv": [0, 0, 0, 0.25], "texture": "#1"},
				"east": {"uv": [7.25, 8.5, 7.5, 8.75], "texture": "#1"},
				"south": {"uv": [0, 0, 0, 0.25], "texture": "#1"},
				"west": {"uv": [7.5, 8.5, 7.75, 8.75], "texture": "#1"},
				"up": {"uv": [0, 0.25, 0, 0], "texture": "#1"},
				"down": {"uv": [0, 0, 0, 0.25], "texture": "#1"}
			}
		},
		{
			"name": "head",
			"from": [12.25, 0, -4.37408],
			"to": [12.25, 1, -3.37408],
			"rotation": {"angle": -22.5, "axis": "y", "origin": [8, 2.24375, -1.12408]},
			"faces": {
				"north": {"uv": [0, 0, 0, 0.25], "texture": "#1"},
				"east": {"uv": [7.75, 8.5, 8, 8.75], "texture": "#1"},
				"south": {"uv": [0, 0, 0, 0.25], "texture": "#1"},
				"west": {"uv": [8, 8.5, 8.25, 8.75], "texture": "#1"},
				"up": {"uv": [0, 0.25, 0, 0], "texture": "#1"},
				"down": {"uv": [0, 0, 0, 0.25], "texture": "#1"}
			}
		},
		{
			"name": "head",
			"from": [12.25, 0, -2.37408],
			"to": [12.25, 1, -1.37408],
			"rotation": {"angle": -22.5, "axis": "y", "origin": [8, 2.24375, -1.12408]},
			"faces": {
				"north": {"uv": [0, 0, 0, 0.25], "texture": "#1"},
				"east": {"uv": [8.5, 8, 8.75, 8.25], "texture": "#1"},
				"south": {"uv": [0, 0, 0, 0.25], "texture": "#1"},
				"west": {"uv": [8.25, 8.5, 8.5, 8.75], "texture": "#1"},
				"up": {"uv": [0, 0.25, 0, 0], "texture": "#1"},
				"down": {"uv": [0, 0, 0, 0.25], "texture": "#1"}
			}
		},
		{
			"name": "head",
			"from": [6.75, -0.025, 0.62592],
			"to": [12.75, 1, 3.62592],
			"rotation": {"angle": -22.5, "axis": "y", "origin": [8, 2.24375, -1.12408]},
			"faces": {
				"north": {"uv": [3, 2.5, 4.5, 2.75], "texture": "#1"},
				"east": {"uv": [8.5, 2.25, 9.25, 2.5], "texture": "#1"},
				"south": {"uv": [8, 5.5, 9.5, 5.75], "texture": "#1"},
				"west": {"uv": [8.5, 2.5, 9.25, 2.75], "texture": "#1"},
				"up": {"uv": [7, 3, 5.5, 2.25], "texture": "#1"},
				"down": {"uv": [7, 3, 5.5, 3.75], "texture": "#1"}
			}
		},
		{
			"name": "head",
			"from": [7.75, 0, -4.37408],
			"to": [11.75, 1, 0.62592],
			"rotation": {"angle": -22.5, "axis": "y", "origin": [8, 2.24375, -1.12408]},
			"faces": {
				"north": {"uv": [8.25, 4.25, 9.25, 4.5], "texture": "#1"},
				"east": {"uv": [1.5, 8.25, 2.75, 8.5], "texture": "#1"},
				"south": {"uv": [4.5, 8.25, 5.5, 8.5], "texture": "#1"},
				"west": {"uv": [8.25, 3.75, 9.5, 4], "texture": "#1"},
				"up": {"uv": [4, 5.75, 3, 4.5], "texture": "#1"},
				"down": {"uv": [5, 4.5, 4, 5.75], "texture": "#1"}
			}
		},
		{
			"name": "torso",
			"from": [10.10476, 4, 12.78134],
			"to": [10.10476, 6, 16.78134],
			"rotation": {"angle": 22.5, "axis": "y", "origin": [10.10476, 5, 18.08134]},
			"faces": {
				"north": {"uv": [0, 0, 0, 0.5], "texture": "#1"},
				"east": {"uv": [4.5, 2.25, 5.5, 2.75], "texture": "#1"},
				"south": {"uv": [0, 0, 0, 0.5], "texture": "#1"},
				"west": {"uv": [7.75, 0.75, 8.75, 1.25], "texture": "#1"},
				"up": {"uv": [0, 1, 0, 0], "texture": "#1"},
				"down": {"uv": [0, 0, 0, 1], "texture": "#1"}
			}
		},
		{
			"name": "torso",
			"from": [13.06282, 0.025, 15.50585],
			"to": [18.06282, 2, 17.50585],
			"rotation": {"angle": 22.5, "axis": "y", "origin": [15.61282, 1.5, 18.50585]},
			"faces": {
				"north": {"uv": [5, 7.25, 6.25, 7.75], "texture": "#1"},
				"east": {"uv": [1, 5.25, 1.5, 5.75], "texture": "#1"},
				"south": {"uv": [6.25, 7.25, 7.5, 7.75], "texture": "#1"},
				"west": {"uv": [5.5, 8.25, 6, 8.75], "texture": "#1"},
				"up": {"uv": [8.5, 6.75, 7.25, 6.25], "texture": "#1"},
				"down": {"uv": [8.5, 6.75, 7.25, 7.25], "texture": "#1"}
			}
		},
		{
			"name": "torso",
			"from": [7.82373, 0, 14.95923],
			"to": [12.82373, 3, 17.95923],
			"rotation": {"angle": -22.5, "axis": "y", "origin": [10.32373, 2, 18.20923]},
			"faces": {
				"north": {"uv": [6.5, 0, 7.75, 0.75], "texture": "#1"},
				"east": {"uv": [1.5, 7.5, 2.25, 8.25], "texture": "#1"},
				"south": {"uv": [6.5, 0.75, 7.75, 1.5], "texture": "#1"},
				"west": {"uv": [2.25, 7.5, 3, 8.25], "texture": "#1"},
				"up": {"uv": [7.75, 2.25, 6.5, 1.5], "texture": "#1"},
				"down": {"uv": [6.25, 6.5, 5, 7.25], "texture": "#1"}
			}
		},
		{
			"name": "torso",
			"from": [6.53813, -0.025, 12.43239],
			"to": [10.53813, 3.975, 17.43239],
			"rotation": {"angle": 22.5, "axis": "y", "origin": [7.61313, 2, 14.08239]},
			"faces": {
				"north": {"uv": [3, 6.25, 4, 7.25], "texture": "#1"},
				"east": {"uv": [1.5, 4.75, 2.75, 5.75], "texture": "#1"},
				"south": {"uv": [6.25, 3.75, 7.25, 4.75], "texture": "#1"},
				"west": {"uv": [5, 3.75, 6.25, 4.75], "texture": "#1"},
				"up": {"uv": [6, 6, 5, 4.75], "texture": "#1"},
				"down": {"uv": [1, 5.25, 0, 6.5], "texture": "#1"}
			}
		},
		{
			"name": "left_arm",
			"from": [10.09064, 0.009, 9.03468],
			"to": [14.09064, 2.009, 13.03468],
			"rotation": {"angle": -22.5, "axis": "y", "origin": [12.93866, 0.759, 10.17714]},
			"faces": {
				"north": {"uv": [7.75, 1.25, 8.75, 1.75], "texture": "#1"},
				"east": {"uv": [7.75, 1.75, 8.75, 2.25], "texture": "#1"},
				"south": {"uv": [5, 7.75, 6, 8.25], "texture": "#1"},
				"west": {"uv": [6, 7.75, 7, 8.25], "texture": "#1"},
				"up": {"uv": [5, 7.25, 4, 6.25], "texture": "#1"},
				"down": {"uv": [1, 6.5, 0, 7.5], "texture": "#1"}
			}
		},
		{
			"name": "left_arm",
			"from": [11.88724, 0.034, 9.22574],
			"to": [15.88724, 1.034, 12.22574],
			"rotation": {"angle": 22.5, "axis": "y", "origin": [14.51224, 0.534, 9.90074]},
			"faces": {
				"north": {"uv": [6, 8.25, 7, 8.5], "texture": "#1"},
				"east": {"uv": [8.5, 2.75, 9.25, 3], "texture": "#1"},
				"south": {"uv": [8.25, 7.25, 9.25, 7.5], "texture": "#1"},
				"west": {"uv": [3, 8.5, 3.75, 8.75], "texture": "#1"},
				"up": {"uv": [3, 7.5, 2, 6.75], "texture": "#1"},
				"down": {"uv": [4, 7.25, 3, 8], "texture": "#1"}
			}
		},
		{
			"name": "left_arm",
			"from": [10.98475, 0.009, 4.04175],
			"to": [13.98475, 2.009, 7.04175],
			"rotation": {"angle": 0, "axis": "y", "origin": [13.2267, 0.7715, 4.91653]},
			"faces": {
				"north": {"uv": [7, 8, 7.75, 8.5], "texture": "#1"},
				"east": {"uv": [7.75, 8, 8.5, 8.5], "texture": "#1"},
				"south": {"uv": [0, 8.25, 0.75, 8.75], "texture": "#1"},
				"west": {"uv": [0.75, 8.25, 1.5, 8.75], "texture": "#1"},
				"up": {"uv": [8.25, 8, 7.5, 7.25], "texture": "#1"},
				"down": {"uv": [8.5, 0, 7.75, 0.75], "texture": "#1"}
			}
		},
		{
			"name": "left_arm",
			"from": [12.19344, 0.034, 3.49907],
			"to": [16.19344, 1.034, 6.49907],
			"rotation": {"angle": 45, "axis": "y", "origin": [13.2267, 0.7715, 4.91653]},
			"faces": {
				"north": {"uv": [8.25, 7.5, 9.25, 7.75], "texture": "#1"},
				"east": {"uv": [8.5, 3, 9.25, 3.25], "texture": "#1"},
				"south": {"uv": [8.25, 7.75, 9.25, 8], "texture": "#1"},
				"west": {"uv": [8.5, 3.25, 9.25, 3.5], "texture": "#1"},
				"up": {"uv": [8.25, 4.5, 7.25, 3.75], "texture": "#1"},
				"down": {"uv": [5, 7.25, 4, 8], "texture": "#1"}
			}
		},
		{
			"name": "right_arm",
			"from": [2.01525, 0.009, 4.04175],
			"to": [5.01525, 2.009, 7.04175],
			"rotation": {"angle": 0, "axis": "y", "origin": [2.96122, 0.7715, 7.59671]},
			"faces": {
				"north": {"uv": [7.75, 8, 7, 8.5], "texture": "#1"},
				"east": {"uv": [1.5, 8.25, 0.75, 8.75], "texture": "#1"},
				"south": {"uv": [0.75, 8.25, 0, 8.75], "texture": "#1"},
				"west": {"uv": [8.5, 8, 7.75, 8.5], "texture": "#1"},
				"up": {"uv": [7.5, 8, 8.25, 7.25], "texture": "#1"},
				"down": {"uv": [7.75, 0, 8.5, 0.75], "texture": "#1"}
			}
		},
		{
			"name": "right_arm",
			"from": [-2.03358, 0.034, 4.41696],
			"to": [1.96642, 1.034, 7.41696],
			"rotation": {"angle": -45, "axis": "y", "origin": [2.96122, 0.7715, 7.59671]},
			"faces": {
				"north": {"uv": [9.25, 7.5, 8.25, 7.75], "texture": "#1"},
				"east": {"uv": [9.25, 3.25, 8.5, 3.5], "texture": "#1"},
				"south": {"uv": [9.25, 7.75, 8.25, 8], "texture": "#1"},
				"west": {"uv": [9.25, 3, 8.5, 3.25], "texture": "#1"},
				"up": {"uv": [7.25, 4.5, 8.25, 3.75], "texture": "#1"},
				"down": {"uv": [4, 7.25, 5, 8], "texture": "#1"}
			}
		},
		{
			"name": "right_arm",
			"from": [1.10663, 0.034, 9.61423],
			"to": [5.10663, 1.034, 12.61423],
			"rotation": {"angle": -22.5, "axis": "y", "origin": [2.96122, 0.7715, 7.59671]},
			"faces": {
				"north": {"uv": [7, 8.25, 6, 8.5], "texture": "#1"},
				"east": {"uv": [3.75, 8.5, 3, 8.75], "texture": "#1"},
				"south": {"uv": [9.25, 7.25, 8.25, 7.5], "texture": "#1"},
				"west": {"uv": [9.25, 2.75, 8.5, 3], "texture": "#1"},
				"up": {"uv": [2, 7.5, 3, 6.75], "texture": "#1"},
				"down": {"uv": [3, 7.25, 4, 8], "texture": "#1"}
			}
		},
		{
			"name": "right_arm",
			"from": [0.91425, 0.009, 8.87657],
			"to": [4.91425, 2.009, 12.87657],
			"rotation": {"angle": 22.5, "axis": "y", "origin": [2.96122, 0.7715, 7.59671]},
			"faces": {
				"north": {"uv": [8.75, 1.25, 7.75, 1.75], "texture": "#1"},
				"east": {"uv": [7, 7.75, 6, 8.25], "texture": "#1"},
				"south": {"uv": [6, 7.75, 5, 8.25], "texture": "#1"},
				"west": {"uv": [8.75, 1.75, 7.75, 2.25], "texture": "#1"},
				"up": {"uv": [4, 7.25, 5, 6.25], "texture": "#1"},
				"down": {"uv": [0, 6.5, 1, 7.5], "texture": "#1"}
			}
		}
	],
	"gui_light": "front",
	"display": {
		"thirdperson_righthand": {
			"rotation": [51, 13, 0],
			"translation": [0, 0, 1.75],
			"scale": [0.6, 0.6, 0.6]
		},
		"thirdperson_lefthand": {
			"rotation": [51, 13, 0],
			"translation": [0, 0, 1.75],
			"scale": [0.6, 0.6, 0.6]
		},
		"firstperson_righthand": {
			"rotation": [0, 113, 5],
			"translation": [2.75, 7, 0],
			"scale": [0.58, 0.58, 0.58]
		},
		"firstperson_lefthand": {
			"rotation": [0, 93, 5],
			"translation": [2.75, 7.5, 0],
			"scale": [0.58, 0.58, 0.58]
		},
		"ground": {
			"translation": [0, 3.5, 0],
			"scale": [0.65, 0.65, 0.65]
		},
		"gui": {
			"rotation": [25, 151, 0],
			"translation": [0.75, 3.75, 0],
			"scale": [0.71, 0.71, 0.71]
		},
		"head": {
			"translation": [0, -34.85, 0]
		},
		"fixed": {
			"rotation": [-90, 59, 0],
			"translation": [0, 1.25, -13.5],
			"scale": [1.7, 1.7, 1.7]
		}
	},
	"groups": [
		{
			"name": "base",
			"origin": [8, 8, 8],
			"color": 0,
			"boneType": "",
			"children": [
				0,
				1,
				2,
				3,
				{
					"name": "group",
					"origin": [6.18744, 5.88953, 4.51582],
					"color": 0,
					"boneType": "",
					"children": [4, 5, 6, 7, 8, 9, 10, 11, 12, 13, 14, 15, 16, 17, 18]
				},
				{
					"name": "group",
					"origin": [8, 3.5, 8.5],
					"color": 0,
					"boneType": "",
					"children": [19, 20, 21, 22]
				},
				{
					"name": "group",
					"origin": [3.26002, 1.509, 13.10811],
					"color": 0,
					"boneType": "",
					"children": [23, 24, 25, 26, 27, 28, 29, 30]
				}
			]
		}
	],
	"mcmodels": "4485e0b67e8aa5574fe6d2761343999d",
	"USER": "{{USER}}",
	"NONCE": "{{NONCE}}",
	"TIMESTAMP": "{{TIMESTAMP}}",
	"RESOURCE": "{{RESOURCE}}",
	"MCMODELS": "{{MCMODELS}}"
}