{
	"credit": "Made by Nog's Menagerie",
	"texture_size": [32, 32],
	"textures": {
		"0": "minewave:item/plushies/nm_plushie_robin_texture",
		"particle": "minewave:item/plushies/nm_plushie_robin_texture"
	},
	"elements": [
		{
			"name": "torso",
			"from": [6, 0, 6.5],
			"to": [10, 4, 10.5],
			"rotation": {"angle": 0, "axis": "y", "origin": [8, 2.0545, 8.10355]},
			"faces": {
				"north": {"uv": [3, 0, 5, 2], "texture": "#0"},
				"east": {"uv": [3, 2.5, 5, 4.5], "texture": "#0"},
				"south": {"uv": [0, 5, 2, 7], "texture": "#0"},
				"west": {"uv": [2.5, 5, 4.5, 7], "texture": "#0"},
				"up": {"uv": [7, 7, 5, 5], "texture": "#0"},
				"down": {"uv": [7.5, 0, 5.5, 2], "texture": "#0"}
			}
		},
		{
			"name": "head",
			"from": [6.025, 3.725, 3.975],
			"to": [9.975, 7.725, 7.975],
			"rotation": {"angle": -22.5, "axis": "x", "origin": [8, 8, 7.5]},
			"faces": {
				"north": {"uv": [5.5, 2.5, 7.5, 4.5], "texture": "#0"},
				"east": {"uv": [0, 7.5, 2, 9.5], "texture": "#0"},
				"south": {"uv": [2.5, 7.5, 4.5, 9.5], "texture": "#0"},
				"west": {"uv": [5, 7.5, 7, 9.5], "texture": "#0"},
				"up": {"uv": [9.5, 7, 7.5, 5], "texture": "#0"},
				"down": {"uv": [9.5, 7.5, 7.5, 9.5], "texture": "#0"}
			}
		},
		{
			"name": "beak",
			"from": [7, 4.725, 1.975],
			"to": [9, 5.725, 3.975],
			"rotation": {"angle": -22.5, "axis": "x", "origin": [8, 8, 7.5]},
			"faces": {
				"north": {"uv": [1.5, 10, 2.5, 10.5], "texture": "#0"},
				"east": {"uv": [10, 1.5, 11, 2], "texture": "#0"},
				"south": {"uv": [10, 2.5, 11, 3], "texture": "#0"},
				"west": {"uv": [3, 10, 4, 10.5], "texture": "#0"},
				"up": {"uv": [1, 11, 0, 10], "texture": "#0"},
				"down": {"uv": [11, 0, 10, 1], "texture": "#0"}
			}
		},
		{
			"name": "left_foot",
			"from": [5.75, 0.06, 4.25],
			"to": [6.75, 2.06, 4.25],
			"rotation": {"angle": 22.5, "axis": "y", "origin": [8, 0.06, 5.5]},
			"faces": {
				"north": {"uv": [10, 3.5, 10.5, 4.5], "texture": "#0"},
				"east": {"uv": [6.5, 10, 6.5, 11], "texture": "#0"},
				"south": {"uv": [4.5, 10, 5, 11], "texture": "#0"},
				"west": {"uv": [10, 6.5, 10, 7.5], "texture": "#0"},
				"up": {"uv": [7.5, 10, 7, 10], "texture": "#0"},
				"down": {"uv": [8.5, 10, 8, 10], "texture": "#0"}
			}
		},
		{
			"name": "leg_leg",
			"from": [5.75, 0.06, 4.25],
			"to": [6.75, 0.06, 6.25],
			"rotation": {"angle": 22.5, "axis": "y", "origin": [8, 0.06, 5.5]},
			"faces": {
				"north": {"uv": [10, 8, 10.5, 8], "texture": "#0"},
				"east": {"uv": [10, 8.5, 11, 8.5], "texture": "#0"},
				"south": {"uv": [9, 10, 9.5, 10], "texture": "#0"},
				"west": {"uv": [10, 9, 11, 9], "texture": "#0"},
				"up": {"uv": [10.5, 6, 10, 5], "texture": "#0"},
				"down": {"uv": [6, 10, 5.5, 11], "texture": "#0"}
			}
		},
		{
			"name": "left_wing",
			"from": [5.25459, 0.24753, 6.5],
			"to": [5.25459, 4.24753, 11.5],
			"rotation": {"angle": -22.5, "axis": "z", "origin": [5.00459, 2.24753, 7]},
			"faces": {
				"north": {"uv": [10, 9.5, 10, 11.5], "texture": "#0"},
				"east": {"uv": [2.5, 2.5, 0, 4.5], "texture": "#0"},
				"south": {"uv": [7, 10.5, 7, 12.5], "texture": "#0"},
				"west": {"uv": [0, 2.5, 2.5, 4.5], "texture": "#0"},
				"up": {"uv": [7.5, 13, 7.5, 10.5], "texture": "#0"},
				"down": {"uv": [8, 10.5, 8, 13], "texture": "#0"}
			}
		},
		{
			"name": "right_wing",
			"from": [10.74541, 0.24753, 6.5],
			"to": [10.74541, 4.24753, 11.5],
			"rotation": {"angle": 22.5, "axis": "z", "origin": [10.99541, 2.24753, 7]},
			"faces": {
				"north": {"uv": [10, 9.5, 10, 11.5], "texture": "#0"},
				"east": {"uv": [2.5, 2.5, 0, 4.5], "texture": "#0"},
				"south": {"uv": [7, 10.5, 7, 12.5], "texture": "#0"},
				"west": {"uv": [0, 2.5, 2.5, 4.5], "texture": "#0"},
				"up": {"uv": [7.5, 13, 7.5, 10.5], "texture": "#0"},
				"down": {"uv": [8, 10.5, 8, 13], "texture": "#0"}
			}
		},
		{
			"name": "leg_leg",
			"from": [9.25, 0.06, 4.25],
			"to": [10.25, 0.06, 6.25],
			"rotation": {"angle": -22.5, "axis": "y", "origin": [8, 0.06, 5.5]},
			"faces": {
				"north": {"uv": [10.5, 8, 10, 8], "texture": "#0"},
				"east": {"uv": [11, 9, 10, 9], "texture": "#0"},
				"south": {"uv": [9.5, 10, 9, 10], "texture": "#0"},
				"west": {"uv": [11, 8.5, 10, 8.5], "texture": "#0"},
				"up": {"uv": [10, 6, 10.5, 5], "texture": "#0"},
				"down": {"uv": [5.5, 10, 6, 11], "texture": "#0"}
			}
		},
		{
			"name": "right_foot",
			"from": [9.25, 0.06, 4.25],
			"to": [10.25, 2.06, 4.25],
			"rotation": {"angle": -22.5, "axis": "y", "origin": [8, 0.06, 5.5]},
			"faces": {
				"north": {"uv": [10.5, 3.5, 10, 4.5], "texture": "#0"},
				"east": {"uv": [10, 6.5, 10, 7.5], "texture": "#0"},
				"south": {"uv": [5, 10, 4.5, 11], "texture": "#0"},
				"west": {"uv": [6.5, 10, 6.5, 11], "texture": "#0"},
				"up": {"uv": [7, 10, 7.5, 10], "texture": "#0"},
				"down": {"uv": [8, 10, 8.5, 10], "texture": "#0"}
			}
		},
		{
			"name": "tail",
			"from": [6.5, 0.38268, 10.42388],
			"to": [9.5, 0.38268, 14.42388],
			"rotation": {"angle": -22.5, "axis": "x", "origin": [9, 0.38268, 11.42388]},
			"faces": {
				"north": {"uv": [10.5, 6.5, 12, 6.5], "texture": "#0"},
				"east": {"uv": [10.5, 7, 12.5, 7], "texture": "#0"},
				"south": {"uv": [10.5, 7.5, 12, 7.5], "texture": "#0"},
				"west": {"uv": [10.5, 9.5, 12.5, 9.5], "texture": "#0"},
				"up": {"uv": [9.5, 2, 8, 0], "texture": "#0"},
				"down": {"uv": [9.5, 2.5, 8, 4.5], "texture": "#0"}
			}
		}
	],
	"gui_light": "front",
	"display": {
		"thirdperson_righthand": {
			"rotation": [71, 43, 0],
			"translation": [0, 0.75, 3.25],
			"scale": [0.86, 0.86, 0.86]
		},
		"thirdperson_lefthand": {
			"rotation": [71, 43, 0],
			"translation": [0, 0.75, 3.25],
			"scale": [0.86, 0.86, 0.86]
		},
		"firstperson_righthand": {
			"rotation": [0, 109, 5],
			"translation": [2.5, 8.25, 0],
			"scale": [0.92, 0.92, 0.92]
		},
		"firstperson_lefthand": {
			"rotation": [0, 109, 5],
			"translation": [2.5, 8.25, 0],
			"scale": [0.92, 0.92, 0.92]
		},
		"ground": {
			"translation": [0, 3.5, 0],
			"scale": [0.65, 0.65, 0.65]
		},
		"gui": {
			"rotation": [25, 151, 0],
			"translation": [0, 4, 0],
			"scale": [0.99, 0.99, 0.99]
		},
		"head": {
			"translation": [0, -34.85, -0.5]
		},
		"fixed": {
			"rotation": [-90, 0, 0],
			"translation": [0, -0.5, -13.61],
			"scale": [1.7, 1.7, 1.7]
		}
	},
	"groups": [
		{
			"name": "base",
			"origin": [8, 8, 8],
			"color": 0,
			"boneType": "",
			"children": [0, 1, 2, 3, 4, 5, 6, 7, 8, 9]
		}
	],
	"mcmodels": "651c51d5b43582e608dac3186f1b7d46",
	"USER": "{{USER}}",
	"NONCE": "{{NONCE}}",
	"TIMESTAMP": "{{TIMESTAMP}}",
	"RESOURCE": "{{RESOURCE}}",
	"MCMODELS": "{{MCMODELS}}"
}