{"textures":{"0":"modelengine:entity/nm_squirrel_gray_texture","particle":"#0"},"elements":[{"from":[7.275,8.085787,6.2426405],"to":[8.225,10.085787,11.2426405],"faces":{"east":{"uv":[10.25,3.75,11.5,4.25],"tintindex":0,"rotation":0,"texture":"#0"},"south":{"uv":[11.0,6.75,11.25,7.25],"tintindex":0,"rotation":0,"texture":"#0"},"north":{"uv":[6.75,11.0,7.0,11.5],"tintindex":0,"rotation":0,"texture":"#0"},"west":{"uv":[4.25,10.25,5.5,10.75],"tintindex":0,"rotation":0,"texture":"#0"},"up":{"uv":[5.5,12.0,5.25,10.75],"tintindex":0,"rotation":0,"texture":"#0"},"down":{"uv":[11.0,6.5,10.75,7.75],"tintindex":0,"rotation":0,"texture":"#0"}},"rotation":{"origin":[7.75,5.085787,10.7426405],"angle":-45.0,"axis":"x"}}],"display":{"head":{"rotation":[0.0,0.0,0.0]},"firstperson_righthand":{"rotation":[0.0,0.0,0.0]},"thirdperson_lefthand":{"rotation":[0.0,-0.0,-0.0]},"firstperson_lefthand":{"rotation":[0.0,-0.0,-0.0]},"fixed":{"rotation":[0.0,0.0,0.0]},"ground":{"rotation":[0.0,0.0,0.0]},"thirdperson_righthand":{"rotation":[0.0,0.0,0.0]},"gui":{"rotation":[-150.0,-45.0,180.0]}}}