{"textures":{"0":"modelengine:entity/nm_cardinal_texture","particle":"#0"},"elements":[{"from":[8.0,4.0,8.0],"to":[8.0,8.0,13.0],"faces":{"east":{"uv":[0.0,2.5,2.5,4.5],"tintindex":0,"rotation":0,"texture":"#0"},"west":{"uv":[2.5,0.0,0.0,2.0],"tintindex":0,"rotation":0,"texture":"#0"}}}],"display":{"head":{"rotation":[0.0,0.0,0.0]},"firstperson_righthand":{"rotation":[0.0,0.0,0.0]},"thirdperson_lefthand":{"rotation":[0.0,-0.0,-0.0]},"firstperson_lefthand":{"rotation":[0.0,-0.0,-0.0]},"fixed":{"rotation":[0.0,0.0,0.0]},"ground":{"rotation":[0.0,0.0,0.0]},"thirdperson_righthand":{"rotation":[0.0,0.0,0.0]},"gui":{"rotation":[-150.0,-45.0,180.0]}}}